First Name,Middle Name,Last Name,Phonetic First Name,Phonetic Middle Name,Phonetic Last Name,Name Prefix,Name Suffix,Nickname,File As,Organization Name,Organization Title,Organization Department,Birthday,Notes,Photo,Labels,E-mail 1 - Label,E-mail 1 - Value,E-mail 2 - Label,E-mail 2 - Value,Phone 1 - Label,Phone 1 - Value,Phone 2 - Label,Phone 2 - Value,Address 1 - Label,Address 1 - Formatted,Address 1 - Street,Address 1 - City,Address 1 - PO Box,Address 1 - Region,Address 1 - Postal Code,Address 1 - Country,Address 1 - Extended Address,Relation 1 - Label,Relation 1 - Value,Website 1 - Label,Website 1 - Value,Custom Field 1 - Label,Custom Field 1 - Value
Lakshya,,,,,,,,,,Madhabdev University (MDU),Student,,,,,Imported on 09/05 ::: * myContacts,,,,,Mobile,+918822489936,,,Home,"Dhemaji, Dhemaji, India",,Dhemaji,,Dhemaji,,India,,,,,,,
Jagodish,,Bania,,,,,,,,E-rikshaw,Driver,,,,,Imported on 09/05 ::: * myContacts,,,,,Mobile,+918822428785,,,Home,"Narayanpur, Narayanpur, Lakhimpur, India",Narayanpur,Narayanpur,,Lakhimpur,,India,,,,,,,
1DD,,,,,,,,,,,,,,,https://lh3.googleusercontent.com/contacts/AG6tpzEwm0j21GeLnvRz7Xa5PcjvLKPB4ke3GkC9CAY4fhQsGCYeL_aa,Imported on 09/05 ::: Female ::: * family ::: * myContacts,,,,,Mobile,87238 11930,Mobile,872-381-1930,,,,,,,,,,,,,,Photo,https://lh3.googleusercontent.com/contacts/AG6tpzEwm0j21GeLnvRz7Xa5PcjvLKPB4ke3GkC9CAY4fhQsGCYeL_aa
Sagar,,,,,,,,,,RHSS,Class-Mate,,,,,* myContacts,,,,,Mobile,+919101969733,,,Home,"2 No. Batamari, Rangachakua, Sonitpur, India",2 No. Batamari,Rangachakua,,Sonitpur,,India,,,,,,,
Abantika,,Parashar,,,,,,,,State Museaus (Jorhat),Museologist,,,,,Imported on 09/05 ::: * myContacts,,,,,Mobile,+91 99715 56590,,,Home,"Jorhat, Jorhat, Jorhat, India",Jorhat,Jorhat,,Jorhat,,India,,,,,,Photo,https://lh3.googleusercontent.com/contacts/AG6tpzFuuFz9pg3-MVSnik5NAXRJQWlep3DNe577gq9dpb1zIML82LdJ
Abhijeet,,Bharali,,,,,,,,Jorhat Art School,,,,,,Imported on 09/05 ::: * myContacts,,,,,Mobile,+918822090813,,,Home,"Jorhat, Assam, India",,Jorhat,,Assam,,India,,,,,,,
Abhijeet,,Das,,,,,,,,"Indian Institute of Science (IISc), Rajiv Gandhi University (RGU)",Senior,,,,,Imported on 09/05 ::: * myContacts,,,,,Mobile,+91 96784 36147,Mobile,+91 70055 29683,Home,"Tinsukia, Tinsukia, India",,Tinsukia,,Tinsukia,,India,,,,,,,
Abhijit,,Borah,,,,,,,,,Student,,,,,Imported on 09/05 ::: * myContacts,,,,,Mobile,+917086707407,,,,,,,,,,,,,,,,,
Abhijit,,Das,,,,,,,,Darrang College (DGCD),Teacher,,,,https://lh3.googleusercontent.com/contacts/AG6tpzEDu0SOsHWaKCsiBY5eqXXgkqLL6_ED11h_1Qvj-lpESF8cRaui,Imported on 09/05 ::: Sir ::: * myContacts,* Custom,abhijitd23@gmail.com,,,Mobile,+91 94350 80662,,,Home,"Parua, Tezpur, Sonitpur, India",Parua,Tezpur,,Sonitpur,,India,,,,,,Photo,https://lh3.googleusercontent.com/contacts/AG6tpzEDu0SOsHWaKCsiBY5eqXXgkqLL6_ED11h_1Qvj-lpESF8cRaui
Abhilasha,,Baruah,,,,,,,,,Sinaki,,,,,Imported on 09/05 ::: * myContacts,,,,,Mobile,+91 96784 35931,Mobile,+916001555687,Home,"Garhmur, Majuli, Majuli, India",Garhmur,Majuli,,Majuli,,India,,,,,,,
Abhinabh,,Baruah,,,,,,,,Tyagbir Hem Baruah College (THB),Student,,,,,Imported on 09/05 ::: * myContacts,,,,,Mobile,+91 60025 96282,,,Home,"Dekasundar, Jamugurihat, Sonitpur, India",Dekasundar,Jamugurihat,,Sonitpur,,India,,,,,,,
Abhishek,Hazarika,Hazarika,,,,,,,,Tyagbir Hem Baruah College (THB),Student,,,,https://lh3.googleusercontent.com/contacts/AG6tpzEUfIW4VZBuiBSFeMgpgxYkWqJGNL5hCMxu1ZuInIsZW-6vHcSE,Imported on 09/05 ::: * myContacts,* Work,abhisekhazarika02@gmail.com,,,Mobile,+91 70994 30619,,,Home,"Kusumtula, Jamugurihat, Sonitpur, India",Kusumtula,Jamugurihat,,Sonitpur,,India,,,,,,Photo,https://lh3.googleusercontent.com/contacts/AG6tpzEUfIW4VZBuiBSFeMgpgxYkWqJGNL5hCMxu1ZuInIsZW-6vHcSE
Account,,Info,,,,,,,,,,,,,,Imported on 09/05 ::: * myContacts,,,,,,*199#,,,,,,,,,,,,,,,,,
Accountant,,,,,,,,,,,Accountant,,,,,* myContacts,,,,,Mobile,+919085549124,,,,,,,,,,,,,,,,,
Acount No,,Ifsc,,,,,,,,Sbin 000 9142,,,,,https://lh3.googleusercontent.com/contacts/AG6tpzFZClddETm0oughmT8teLhuSnlfLQhG0bd3bwqh3laNnuhzqrNw,Imported on 09/05 ::: * myContacts,* PAN,DZBPD4159J,,,Acount Number,31069565042,AADHAR,6813 8857 9517,EPIC,"Glk0340026, India",Glk0340026,,,,,India,,,,,,Photo,https://lh3.googleusercontent.com/contacts/AG6tpzFZClddETm0oughmT8teLhuSnlfLQhG0bd3bwqh3laNnuhzqrNw
Adi,,,,,,,,,,,,,,,,Imported on 09/05 ::: * myContacts,,,,,Mobile,+91 73842 13623,,,,,,,,,,,,,,,,Photo,https://lh3.googleusercontent.com/contacts/AG6tpzGKVYglhHA6Y2VsberL2aGK2tItMNjfxP6UOdLca7aYh3JqTllc
Aditi,,,,,,,,,,Madhabdev University (MDU),Student,,,,,Imported on 09/05 ::: * myContacts,,,,,Mobile,+916002291615,,,Home,"Dhemaji, Dhemaji, Dhemaji, India",Dhemaji,Dhemaji,,Dhemaji,,India,,,,,,,
Adivashi,,Hair Oil,,,,,,,,Sudaraj,,,,,,Imported on 09/05 ::: * myContacts,,,,,Mobile,+918277158555,,,,,,,,,,,,,,,,,
African Association,,Of Entrepreneurship,,,,,,,,,,,,,,* myContacts,,,,,Mobile,+233243785324,,,,,,,,,,,,,,,,,
Agriculture,,,,,,,,,,Dikshya Roy,Officer,,,,,* myContacts,,,,,Mobile,+919181227108,,,,,,,,,,,,,,,,,
Aimoni,,Tipai Borta,,,,,,Aimoni Ba Tipai Borta,,DAS,Relative,,,,,Imported on 09/05 ::: Female ::: * myContacts,,,,,Mobile,+917638073818,,,Home,"Sotia, Sootea, Biswanath, India",Sotia,Sootea,,Biswanath,,India,,,,,,,
Ajijur,,Rahman,,,,,,,,Tocklai Tea Research Institute,Teacher,,,,,Imported on 09/05 ::: * myContacts,,,,,Mobile,+91 94354 92096,,,Home,"Tockali, Jorhat, Jorhat, India",Tockali,Jorhat,,Jorhat,,India,,,,,,,
Ajit,,Payeng,,,,,,,,Panchayat,President,,,,,* myContacts,,,,,Mobile,+919101623280,,,Home,"Patgaon, Rangachakua, Sonitpur, India",Patgaon,Rangachakua,,Sonitpur,,India,,,,,,,
Akash,,Dahal,,,,,,,,Tyagbir Hem Baruah College (THB),Colleague,,,,,Imported on 09/05 ::: * myContacts,,,,,Mobile,+91 91013 79304,,,Home,"Morisuti, Rangachakua, Sonitpur, India",Morisuti,Rangachakua,,Sonitpur,,India,,,,,,,
Akash,,Dahal,,,,,,,,Madhabdev University (MDU),Student,,,,,Imported on 09/05 ::: * myContacts,,,,,Mobile,+919101659804,,,Home,"Gohpur, Gohpur, Biswanath, India",Gohpur,Gohpur,,Biswanath,,India,,,,,,,
Akash,,Lamichane,,,,,,,,RHSS,Class-Mate,,,,,Imported on 09/05 ::: * myContacts,,,,,Mobile,+91 76360 44342,Mobile,+919321627943,Home,"Gorhbil, Rangachakua, Sonitpur, India",Gorhbil,Rangachakua,,Sonitpur,,India,,,,,,,
Akashdeep,,Baruti,,,,,,,,,Sinaki,,,,,Imported on 09/05 ::: * myContacts,,,,,Mobile,+918404070565,,,Home,"Barhampur, Jamugurihat, Sonitpur, India",Barhampur,Jamugurihat,,Sonitpur,,India,,,,,,,
Alakananda,,Medhi,,,,,,,,Secretariate,ACS Officer,,,,,Imported on 09/05 ::: * myContacts,,,,,Mobile,+916003993822,,,Home,"Guwahati, Guwahati, Kamrup Metro, India",Guwahati,Guwahati,,Kamrup Metro,,India,,,,,,,
Alfaz,,,,,,,,,,Madhabdev University (MDU),Wallmate,,,,,Imported on 09/05 ::: * myContacts,,,,,Mobile,84738 16070,,,Home,"Itakhola, Rangachakua, Sonitpur, India",Itakhola,Rangachakua,,Sonitpur,,India,,,,,,,
Alok,,Singh,,,,,,,,Thong Nokbe,Sinaki,Zoology,,,,Imported on 09/05 ::: * myContacts,,,,,Mobile,+919435681150,,,Home,"College, Golaghat, Golaghat, Chhattisgarh, India",College,Golaghat,,"Golaghat, Chhattisgarh",,India,,,,,,,
Amaan,,K Gupta,,,,,,,,Genetaste,,,,,,* myContacts,,,,,Mobile,+919559615366,,,,,,,,,,,,,,,,,
Amal,,Jethai,,,,,,Amal Baidow,,DAS,Jethai,,,,,* myContacts,,,,,Mobile,+918724835589,,,Home,"Sanmari, Tezpur, Sonitpur, India",Sanmari,Tezpur,,Sonitpur,,India,,,,,,,
Aman,,Bhattarai,,,,,,,,GenOne,Colleague,,,,,* myContacts,,,,,Mobile,+916001227727,,,Home,"Morisuti, Rangachakua, Sonitpur, India",Morisuti,Rangachakua,,Sonitpur,,India,,,,,,,
Amar,,Bhuyan,,,,,,Amar Da,,Rajiv Gandhi University (RGU),Senior,,,,,Imported on 09/05 ::: * myContacts,,,,,Mobile,+91 99545 34200,,,Home,"Pithagurikhuwa, Bihpuria, Lakhimpur, India",Pithagurikhuwa,Bihpuria,,Lakhimpur,,India,,,,,,,
Amilata,,Taye Mili,,,,,,,,Facebook,Literature,,,,,Imported on 09/05 ::: * myContacts,,,,,Mobile,+919678232003,,,Home,"Jonai, Jonai, Dhemaji, India",Jonai,Jonai,,Dhemaji,,India,,,,,,,
Amoi,,,,,,,,,,,Amoi,,,,,Imported on 09/05 ::: * myContacts,,,,,Mobile,+917578028742,Work,+91 97062 30452,Home,"Mental, Tezpur, Sonitpur, India",Mental,Tezpur,,Sonitpur,,India,,,,,,,
Amraj,,Bhujel,,,,,,,,RHSS,Senior,,,,,* myContacts,,,,,Mobile,+919365012457,,,Home,"2 No. Batamari, Rangachakua, Sonitpur, India",2 No. Batamari,Rangachakua,,Sonitpur,,India,,,,,,,
Amulya,Khura,Wife,,,,,,Amulya Khura Wife MDU,,Madhabdev University (MDU),,,,,,Imported on 09/05 ::: * myContacts,,,,,Mobile,+919854636705,,,,,,,,,,,,,,,,,
Anand,,Khati,,,,,,,,Madhabdev University (MDU),Senior,,,,,Imported on 09/05 ::: * myContacts,,,,,Mobile,+919678039841,,,Home,India,,,,,,India,,,,,,,
Ananda,,Prasad,,,,,,,,"Rajiv Gandhi University (RGU), Madhabdev University (MDU)",Class-Mate,,,,,Imported on 09/05 ::: * myContacts,* Home,anandaprasad01@gmail.com,,,Mobile,+91 91019 01012,Mobile,+91 84719 27924,Home,"Bihpuria, Bihpuria, Lakhimpur, India",Bihpuria,Bihpuria,,Lakhimpur,,India,,,,,,,
Ananda,,Vinihi,,,,,,,,,Sinaki,,,,,Imported on 09/05 ::: * myContacts,,,,,Mobile,+917627914488,,,Home,"Ziro, Ziro, Arunachal Pradesh, India",Ziro,Ziro,,Arunachal Pradesh,,India,,,,,,,
Ananya,,Chetia,,,,,,,,Gauhati University (GU),"Scholar, Sinaki",,,,,Imported on 09/05 ::: * myContacts,,,,,Mobile,86389 77827,,,Home,"Dibrugarh, Dibrugarh, India",,Dibrugarh,,Dibrugarh,,India,,,,,,,
Ananya,,Khargharia,,,,,,,,Facebook,Sinaki,,,,,Imported on 09/05 ::: * myContacts,,,,,Mobile,70028 53551,,,Home,"Guwahati, Guwahati, Kamrup Metro, India",Guwahati,Guwahati,,Kamrup Metro,,India,,,,,,,
Ananya,,Medhi,,,,,,,,Rangachakua,Sinaki,,,,,Imported on 09/05 ::: * myContacts,,,,,Mobile,9365745681,,,Home,"Rangachakua, Rangachakua, Sonitpur, India",Rangachakua,Rangachakua,,Sonitpur,,India,,,,,,,
Ananya,,Saikia,,,,,,,,Darrang,Junior,,,,,Imported on 09/05 ::: * myContacts,,,,,Mobile,+919854069774,Mobile,+91 76380 47211,Home,"Gulaghat, Golaghat, Golaghat, India",Gulaghat,Golaghat,,Golaghat,,India,,,,,,,
Anindita,,,,,,,,,,Smss,President,,,,,Imported on 09/05 ::: * myContacts,,,,,Mobile,60002 42494,,,Home,"Guwahati, Guwahati, Kamrup Metro, India",Guwahati,Guwahati,,Kamrup Metro,,India,,,,,,,
Anjal,,Borah,,,,,,,,Xobdo.org,Cloud Engineer,,,,,Imported on 09/05 ::: * myContacts,,,,,Mobile,+919954705518,,,Home,"US, US, United States",,US,,US,,United States,,,,,,,
Anjali,,Chetry,,,,,,,,,Student,,,,,Imported on 09/05 ::: * myContacts,,,,,Mobile,+918822563015,,,,,,,,,,,,,,,,,
Anjan Jyoti,,Deka,,,,,,,,Facebook,Sinaki,,,,,Imported on 09/05 ::: * myContacts,,,,,Work,+91 70020 12051,,,Home,"US, US, United States",,US,,US,,United States,,,,,,,
Anju,,Bharali,,,,,,,,Facebook,Sinaki,,,,,Imported on 09/05 ::: * myContacts,,,,,Mobile,98866 54278,,,Home,"Bengaluru, Barpeta, India",,Bengaluru,,Barpeta,,India,,,,,,,
Ankit,,,,,,,,,,Madhabdev University (MDU),Student,,,,,Imported on 09/05 ::: * myContacts,,,,,Mobile,+919678940957,,,Home,"Narayanpur, Lakhimpur, India",,Narayanpur,,Lakhimpur,,India,,,,,,,
Ankur,Da,,,,,,,Ankur Da Kk Director,,Kkhsou,"Director, Sinaki",,,,,* myContacts,,,,,Mobile,+918876871106,,,Home,India,,,,,,India,,,,,,,
Ansuman Hazarika Da Anulekha,,Kakaty,,,,,,Ansuman Hazarika Da Anulekha Kakaty,,,,,,,,* myContacts,,,,,Mobile,+919577139846,,,,,,,,,,,,,,,,,
Ansuman,,Hazarika,,,,,,,,Scientific Temperament,Owner,,,,,Imported on 09/05 ::: * myContacts,,,,,Mobile,+918638184952,,,Home,"Bamgau, Biswanath Chariali, Biswanath, India",Bamgau,Biswanath Chariali,,Biswanath,,India,,,,,,,
Antar,,Atreya,,,,,,,,Book,"Writer, Literature",,,,,Imported on 09/05 ::: * myContacts,,,,,Mobile,96541 82245,,,Home,India,,,,,,India,,,,,,,
Anu,,Prashad,,,,,,,,Rajiv Gandhi University (RGU),Class-Mate,,,,,Imported on 09/05 ::: * myContacts,,,,,Mobile,+91 75760 04860,,,Home,"Lakhimpur Towm, Lakhimpur Town, Lakhimpur, India",Lakhimpur Towm,Lakhimpur Town,,Lakhimpur,,India,,,,,,,
Anuj,,Borah,,,,,,,,Rajiv Gandhi University (RGU),Senior,,,,,Imported on 09/05 ::: * myContacts,,,,,Mobile,+91 90153 93104,,,Home,"Tezpur, Jamugurihat, Tezpur, Jamugurihat, Sonitpur, India","Tezpur, Jamugurihat","Tezpur, Jamugurihat",,Sonitpur,,India,,,,,,,
Anup,,Dutta,,,,,,,,Bihpuria College,"Professor, Sinaki",,,,,Imported on 09/05 ::: * myContacts,,,,,Mobile,+918399086512,Mobile,+917002545908,Home,"Bihpuria, Bihpuria, Lakhimpur, India",Bihpuria,Bihpuria,,Lakhimpur,,India,,,,,,,
Anurag,,Borah,,,,,,,,Madhabdev University (MDU),Student,,,,,Imported on 09/05 ::: * myContacts,,,,,Mobile,+917099101509,,,Home,India,,,,,,India,,,,,,,
Arabind,,Ghosh,,,,,,,,Madhabdev University (MDU),Professor,,,,,Imported on 09/05 ::: * myContacts,,,,,Mobile,96786 29146,,,Home,India,,,,,,India,,,,,,,
Archana,,,,,,,,,,Rajiv Gandhi University (RGU),"Batch-Mate, Mathematics",Mathematics,,,,Imported on 09/05 ::: * myContacts,,,,,Mobile,+919954812329,,,Home,"Lakhimpur Town, Lakhimpur Town, Lakhimpur, India",Lakhimpur Town,Lakhimpur Town,,Lakhimpur,,India,,,,,,,
Ardhendu Narayan,,Dev,,,,,,,,Facebook,Sinaki,,,,,Imported on 09/05 ::: * myContacts,,,,,Mobile,70861 39741,,,Home,"Bongaigaon, Bongaigaon, India",,Bongaigaon,,Bongaigaon,,India,,,,,,,
Arindam,,Borkotoky,,,,,,,,Facebook,"Sinaki, Literature",,,,,Imported on 09/05 ::: * myContacts,,,,,Mobile,+919101431260,,,Home,India,,,,,,India,,,,,,,
Arpan,,Hazarika,,,,,,,,Tyagbir Hem Baruah College (THB),Student,,,,,Imported on 09/05 ::: * myContacts,,,,,Mobile,+919859793503,,,Home,"Koch Gaon, Jamugurihat, Sonitpur, India",Koch Gaon,Jamugurihat,,Sonitpur,,India,,,,,,,
Arpana,,Rabha,,,,,,,,Facebook,Sinaki,,,,,Imported on 09/05 ::: * myContacts,,,,,Mobile,60000 83752,,,Home,"Soygaun, Goalpara, Goalpara, India",Soygaun,Goalpara,,Goalpara,,India,,,,,,,
Arundhati,,Patangia,,,,,,,,Tyagbir Hem Baruah College (THB),Colleague,,,,,Imported on 09/05 ::: * myContacts,,,,,Mobile,+919132092723,,,Home,"Bamparbatia, Tezpur, Sonitpur, India",Bamparbatia,Tezpur,,Sonitpur,,India,,,,,,,
Arupjyoti,,Saikia,,,,,,,,"Iitg, Humanities, Big Dam",Professor,,,,,Imported on 09/05 ::: Special ::: * myContacts,,,,,Mobile,+91 361 258 2564,,,Home,"Kamrup Metro, India",,,,Kamrup Metro,,India,,,,,,,
Asma,,Yasmin,,,,,,,,Facebook,"Sinaki, Literature",,,,,Imported on 09/05 ::: * myContacts,,,,,Mobile,60023 91240,,,Home,India,,,,,,India,,,,,,,
Avinibesh,,Sharma,,,,,,,,"Herritage Assam, Sinaki","Owner, Sinaki",,,,,Imported on 09/05 ::: * myContacts,,,,,Mobile,86388 89534,,,Home,"Jorhat, Jorhat, India",,Jorhat,,Jorhat,,India,,,,,,,
Awadhesh,,Kumar,,,,,,,,Mizoram University,,,,,,* myContacts,* ,kumarawadhesh9@gmail.com,,,Mobile,+919862216868,,,Home,"Mizoram, India",,,,Mizoram,,India,,,,,,,
Ayurvedic,,,,,,,,,,,,,,,,Imported on 09/05 ::: * myContacts,,,,,Mobile,+91 99549 74271,,,Home,"Tezpur, Assam, India",,Tezpur,,Assam,,India,,,,,,,
Baba,,,,,,,,,,Khurar Bagan,Manager,,,,,Imported on 09/05 ::: * myContacts,,,,,Mobile,+917896497503,,,Home,"Ouhola Gaon, Rangachakua, Sonitpur, India",Ouhola Gaon,Rangachakua,,Sonitpur,,India,,,,,,,
Baba,,Da,,,,,,Baba Da Diplunga,,Poriyal,Relative,,,,,Imported on 09/05 ::: * myContacts,,,,,Mobile,93942 16695,,,Home,"Diplunga, Diplunga, Biswanath, India",Diplunga,Diplunga,,Biswanath,,India,,,,,,,
Achinta,,Lahkar,,,,,,,,Bab Da,Relative,,,,,Imported on 09/05 ::: * myContacts,,,,,Mobile,80995 88974,,,Home,"Diplunga, Diplunga, Biswanath, India",Diplunga,Diplunga,,Biswanath,,India,,,,,,,
Bablu,,Babu Da,,,,,,,,Sotia Jethai,Relative,,,,,* myContacts,,,,,Mobile,+916000283846,,,Home,"Sootea, Biswanath, India",,Sootea,,Biswanath,,India,,,,,,,
Jyotishman,,Das,,,,,,Babu Da Guwahati,,Dwijen Das,Relative,,,,,Imported on 09/05 ::: * myContacts,,,,,Mobile,+91 96780 71711,,,Home,"Zoo Road, Guwahati, Kamrup Metro, India",Zoo Road,Guwahati,,Kamrup Metro,,India,,,,,,,
Babul,,Kalita,,,,,,,,Rajiv Gandhi University (RGU),Class-Mate,,,,,Imported on 09/05 ::: * myContacts,,,,,Mobile,+916002624282,,,Home,"Lakhimpur, Lakhimpur, Lakhimpur, India",Lakhimpur,Lakhimpur,,Lakhimpur,,India,,,,,,,
Babyson,,Terang,,,,,,,,Aryya Bidyapith,"Professor, Sinaki",,,,,Imported on 09/05 ::: * myContacts,,,,,Mobile,+918472085005,,,Home,"Guwahati, Karbi Anglong, India",,Guwahati,,Karbi Anglong,,India,,,,,,,
Bahniman,,Kashyap,,,,,,,,"RHSS, Rudraksh Tattooz","Class-Mate, Relative",,,"Additional phones: +91 99543 72264, +91 97072 93522",,Imported on 09/05 ::: * myContacts,,,,,Mobile,+918259985190,Mobile,+918259985190,Home,"Naga-baruah Bahor Suk, Sootea, Biswanath, India",Naga-baruah Bahor Suk,Sootea,,Biswanath,,India,,,,,,,
Baishali,,Das,,,,,,,,Tyagbir Hem Baruah College (THB),"Colleague, Botany",,,+91 88226 87757,,Imported on 09/05 ::: * myContacts,* ,baishalidas16@gmail.com,,,Mobile,60009 13604,Mobile,+919394670486,Home,India,,,,,,India,,,,,,,
Baishali,,Das,,,,,,,,Nagaon University,"Scholar, Sinaki",,,,,Imported on 09/05 ::: * myContacts,,,,,Mobile,+919085259100,,,Home,"Baihata, Baihata, Kamrup Rural, India",Baihata,Baihata,,Kamrup Rural,,India,,,,,,,
Swapan (Bamoni),,Das,,,,,,Bamoni Daa,,Tipai Borta,Relative,,,,,Imported on 09/05 ::: * myContacts,,,,,Mobile,+91 91499 90341,,,Home,"Rangachakua, Rangachakua, Sonitpur, India",Rangachakua,Rangachakua,,Sonitpur,,India,,,,,,,
Saral Das (Bap),,Das,,,,,,Bap Da,,Sweety,Relative,,,,,Imported on 09/05 ::: * myContacts,,,,,Mobile,+91 91012 20224,,,Home,"Batamari, Rangachakua, Sonitpur, India",Batamari,Rangachakua,,Sonitpur,,India,,,,,,,
Bapuji,,Da,,,,,,Bapuji Da,,,Relative,,,,,Imported on 09/05 ::: * myContacts,,,,,Mobile,84739 70066,,,Home,"Santipur, Rangachakua, Sonitpur, India",Santipur,Rangachakua,,Sonitpur,,India,,,,,,,
Barna,,Books,,,,,,,,Barna-books,Owner,,,,,Imported on 09/05 ::: * myContacts,,,,,Mobile,+918011014858,,,Home,"Guwhati, Guwahati, Kamrup Metro, India",Guwhati,Guwahati,,Kamrup Metro,,India,,,,,,,
Barsha,Rani,Chutia,,,,,,,,Madhabdev University (MDU),Student,,,,,Imported on 09/05 ::: * myContacts,,,,,Mobile,+919864253796,,,Home,"Dhemaji, Dhemaji, Dhemaji, India",Dhemaji,Dhemaji,,Dhemaji,,India,,,,,,,
Barsha,UG,1st,,,,,,,,Madhabdev University (MDU),Student,,,,,Imported on 09/05 ::: * myContacts,,,,,Mobile,+916003408140,,,Home,"Narayanpur, Lakhimpur, India",,Narayanpur,,Lakhimpur,,India,,,,,,,
Bashanta,,Sharma Pujari Museaum Narayanpur,,,,,,,,,,,,,,Imported on 09/05 ::: * myContacts,,,,,Mobile,+918134905318,Work,+91 95770 20414,,,,,,,,,,,,,,,
Bastab,,Thengal,,,,,,,,Tocklai Tea Research Institute,Assistant,,,,,Imported on 09/05 ::: * myContacts,,,,,Mobile,+91 60010 37110,,,Home,"Titabor, Titabor, Jorhat, India",Titabor,Titabor,,Jorhat,,India,,,,,,,
Bhabana,,Das,,,,,,,,"Nagaon University, Chaygaon College",Sinaki,,,,,Imported on 09/05 ::: * myContacts,,,,,Mobile,+917578823634,,,Home,"Nagaon Town, Nagaon, Nagaon, India",Nagaon Town,Nagaon,,Nagaon,,India,,,,,,,
Bhabananda,,Sahariah,,,,,,,,"Deuta, Case",Deuta,,,,,Imported on 09/05 ::: * myContacts,,,,,Mobile,+919365905746,,,Home,India,,,,,,India,,,,,,,
Bhaben,,Baruah,,,,,,,,"Facebook, Thong Nokbey",Sinaki,,,,,Imported on 09/05 ::: * myContacts,,,,,Mobile,+917002857436,,,Home,"Thong Nokbey, Diphu, Karbi Anglong East, India",Thong Nokbey,Diphu,,Karbi Anglong East,,India,,,,,,,
Bhagat,,Tanty,,,,,,,,Tyagbir Hem Baruah College (THB),Colleague,,,,,Imported on 09/05 ::: * myContacts,,,,,Mobile,93650 38056,,,Home,"Itakhola, Itakhola, Sonitpur, India",Itakhola,Itakhola,,Sonitpur,,India,,,,,,,
Bhagya,,,,,,,,,,Madhabdev University (MDU),Student,,,,,Imported on 09/05 ::: * myContacts,,,,,Mobile,+916000896469,,,Home,"Majuli, Majuli, India",,Majuli,,Majuli,,India,,,,,,,
Bhairab,,Munda,,,,,,,,Facebook,"Sinaki, Literature",,,,,Imported on 09/05 ::: * myContacts,,,,,Mobile,86381 79256,,,Home,"Shivsagar, Sivasagar, Sivasagar, India",Shivsagar,Sivasagar,,Sivasagar,,India,,,,,,,
Matu,,Borma,,,,,,Bhaiti Borma,,DAS,"Relative, Borma",,,,,Imported on 09/05 ::: * myContacts,,,,,Mobile,881-282-6276,,,Home,"Beltola, Guwahati, Kamrup Metro, India",Beltola,Guwahati,,Kamrup Metro,,India,,,,,,,
Pradip,,Das,,,,,,Bhaiti Borta,,DAS,"Relative, Borta",,,Additional phones: +91 94351 14440,,Imported on 09/05 ::: * myContacts,,,,,Mobile,+919101739371,Mobile,+919864910260,Home,"Beltola, Guwahati, Kamrup Metro, India",Beltola,Guwahati,,Kamrup Metro,,India,,,,,,,
Bhaiti,,Da,,,,,,Bhaiti Da Bank,,Bank,Sinaki,,,,,Imported on 09/05 ::: * myContacts,,,,,Mobile,87518 03598,,,Home,"Ouhola, Rangachakua, Sonitpur, India",Ouhola,Rangachakua,,Sonitpur,,India,,,,,,,
Swarna (Bhanti),,Deka,,,,,,Bhanti Jethai,,DAS,"Relative, Jethai",,,Additional phones: +91 94353 84307,,Imported on 09/05 ::: * myContacts,,,,,Mobile,98592 78326,Mobile,60015 44283,Home,"Usha Nagar, Tezpur, Guwahati, Sonitpur, Kamrup Metro, India",Usha Nagar,"Tezpur, Guwahati",,"Sonitpur, Kamrup Metro",,India,,,,,,,
Bhanu,,Pehi,,,,,,Bhanu Pehi,,,,,,,,Imported on 09/05 ::: * myContacts,,,,,Mobile,9401298672,,,Home,"Charipukhuri, Rangachakua, Sonitpur, India",Charipukhuri,Rangachakua,,Sonitpur,,India,,,,,,,
Bharat,,Nath,,,,,,,,"AASU, BJP",Sinaki,,,,,Imported on 09/05 ::: * myContacts,,,,,Mobile,+91 86388 88193,,,Home,"Bamunorbari, Jamugurihat, Sonitpur, India",Bamunorbari,Jamugurihat,,Sonitpur,,India,,,,,,,
Bhargav,,Kakoti,,,,,,,,Tyagbir Hem Baruah College (THB),Class-Mate,,,Additional phones: 700-205-9356,https://lh3.googleusercontent.com/contacts/AG6tpzGDKOLCt0OkJqBDVvDXaBeSQf0g-eW78rfDTZ1d8sAp7c6GbBlj,Imported on 09/05 ::: * friends ::: * myContacts,* Custom,bhargavkakati3@gmail.com,,,Mobile,+918724809874,Mobile,8133971147,Home,"Panigaon, Jamugurihat, Sonitpur, India",Panigaon,Jamugurihat,,Sonitpur,,India,,,,,,Photo,https://lh3.googleusercontent.com/contacts/AG6tpzGDKOLCt0OkJqBDVvDXaBeSQf0g-eW78rfDTZ1d8sAp7c6GbBlj
Bhargav,,Nayan,,,,,,,,Madhabdev University (MDU),Student,,,,,Imported on 09/05 ::: * myContacts,,,,,Mobile,+916002291119,,,Home,"Majgaon, Biswanath, Biswanath, India",Majgaon,Biswanath,,Biswanath,,India,,,,,,,
Bhargav,Bharat,Basnet,,,,,,Bhargav Vai Bharat Khura,,Bharat Khura,Neighbour,,,,,* myContacts,,,,,Phone,+919387051052,,,Home,"1 No. Batamari, Rangachakua, Sonitpur, India",1 No. Batamari,Rangachakua,,Sonitpur,,India,,,,,,,
Bhargavi,,Mahanta,,,,,,,,Archeology,"Delhi, Sinaki",,,,,Imported on 09/05 ::: * myContacts,,,,,Mobile,60027 84078,,,Home,"Tezpur, Tezpur, Sonitpur, India",Tezpur,Tezpur,,Sonitpur,,India,,,,,,,
Bhaskar,,Borah,,,,,,,,Rajiv Gandhi University (RGU),"Hostel-Mate, Batch-Mate",,,,,Imported on 09/05 ::: * myContacts,,,,,Mobile,+91 60022 85909,Mobile,+91 97066 06473,Home,"Hawajan, Gohpur, Biswanath, India",Hawajan,Gohpur,,Biswanath,,India,,,,,,,
Bhaskar,,Da,,,,,,Bhaskar Da,,,Neighbour,,,,,Imported on 09/05 ::: * myContacts,,,,,Work,84866 50570,,,Home,"Rangachakua, Rangachakua, Sonitpur, India",Rangachakua,Rangachakua,,Sonitpur,,India,,,,,,,
Bhava,,Da,,,,,,Bhava Da MDU,,Madhabdev University (MDU),Colleague,,,,,Imported on 09/05 ::: * myContacts,,,,,Mobile,+919101380865,,,Home,"Bihpruria, Bihpuria, Lakhimpur, India",Bihpruria,Bihpuria,,Lakhimpur,,India,,,,,,,
Bhavika,,,,,,,,,,,,,,,,Imported on 09/05 ::: * myContacts,,,,,Mobile,+91 92843 91588,,,,,,,,,,,,,,,,,
Bhreegu,,Hazarika,,,,,,,,Madhabdev University (MDU),Class-Mate,,,,,Imported on 09/05 ::: * myContacts,,,,,Mobile,+916002297243,,,Home,"Simaluguri, Gohpur, Biswanath, India",Simaluguri,Gohpur,,Biswanath,,India,,,,,,,
Bibek,,Pathak,,,,,,,,GenOne,Member,,,,,* myContacts,,,,,Mobile,+919365878248,,,Home,"Morisuti, Morisuti, Sonitpur, India",Morisuti,Morisuti,,Sonitpur,,India,,,,,,,
Bibek,,Pokhrel,,,,,,,,RHSS,Class-Mate,,,,,Imported on 09/05 ::: * myContacts,,,,,Mobile,+919119761988,Mobile,+917002246873,Home,"2 No. Batamari, Rangachakua, Sonitpur, India",2 No. Batamari,Rangachakua,,Sonitpur,,India,,,,,,,
Bijay,,Basfor,,,,,,,,"IIT Indoor, Goreswar College",Sinaki,,,,,Imported on 09/05 ::: * myContacts,,,,,Mobile,84748 59479,,,Home,"Goreswar, Goreswar, Udalguri, India",Goreswar,Goreswar,,Udalguri,,India,,,,,,,
Bijit,,Ramchiary,,,,,,,,Facebook,Sinaki,,,Additional phones: +91 87539 89100,,Imported on 09/05 ::: * myContacts,,,,,Mobile,80117 14767,Mobile,+91 70996 18420,Home,"Baksa, Guwahati, Kamrup Metro, India",,"Baksa, Guwahati",,Kamrup Metro,,India,,,,,,,
Bijoya,,Das,,,,,,Bijoya Khuri,,DAS,"Relative, Khuri",,,,,Imported on 09/05 ::: * myContacts,,,,,Mobile,+919365994717,,,Home,"Maniknagar, Tezpur, Sonitpur, India",Maniknagar,Tezpur,,Sonitpur,,India,,,,,,,
Biju,,Karki,,,,,,,,Morisuti Mobile Repairing,Owner,,,,,Imported on 09/05 ::: * myContacts,,,,,Mobile,+91 93653 87360,,,Home,"Morisuti, Rangachakua, Sonitpur, India",Morisuti,Rangachakua,,Sonitpur,,India,,,,,,,
Jwngsree,,Tewari,,,,,,Bikash Dar Bou Jwngsree,,Bikash Da,"Sinaki, Bou",,,,,Imported on 09/05 ::: Female ::: * myContacts,,,,,Mobile,60017 27733,,,Home,"Agripam, Rangachakua, Sonitpur, Udalguri, India",Agripam,Rangachakua,,"Sonitpur, Udalguri",,India,,,,,,,
Bikash,Gautam,Gautam,,,,,,,,Rajiv Gandhi University (RGU),Senior,,,,,Imported on 09/05 ::: * myContacts,,,,,Mobile,+91 88761 89318,,,Home,"Sipajhar, Sipajhar, Darrang, India",Sipajhar,Sipajhar,,Darrang,,India,,,,,,,
Bikash,,Tewari,,,,,,,,,"Teacher, Friend",,,,,Imported on 09/05 ::: * myContacts,,,,,Mobile,+919435846938,Mobile,93651 64643,Home,"Agripam, Rangachakua, Sonitpur, India",Agripam,Rangachakua,,Sonitpur,,India,,,,,,,
Biki,,Daa,,,,,,Biki Daa,,,Relative,,,,,Imported on 09/05 ::: * myContacts,,,,,Mobile,+919706530261,,,Home,"Bajargaon, Tezpur, Sonitpur, India",Bajargaon,Tezpur,,Sonitpur,,India,,,,,,,
Jigneswar (Biki),Sharma,Sharma,,,,,,,,Rajiv Gandhi University (RGU),"Junior, Hostel-Mate",,,,,Imported on 09/05 ::: * myContacts,,,,,Mobile,+918638513395,Mobile,+91 76358 58014,Home,"Bypass, Nagaon, Nagaon, India",Bypass,Nagaon,,Nagaon,,India,,,,,,,
Bikram,,Sibakota,,,,,,,,RHSS,Senior,,,,,Imported on 09/05 ::: * myContacts,,,,,Mobile,91013 68747,,,Home,"Agripam, Rangachakua, Sonitpur, India",Agripam,Rangachakua,,Sonitpur,,India,,,,,,,
Biman,,Tanty,,,,,,,,Tyagbir Hem Baruah College (THB),Student,,,,,Imported on 09/05 ::: * myContacts,,,,,Mobile,+91 78968 84618,,,Home,"Itakhola, Itakhola, Sonitpur, India",Itakhola,Itakhola,,Sonitpur,,India,,,,,,,
Biprav,,Chetry,,,,,,,,Darrang College (DGCD),"Batch-Mate, Pg-mate",,,,,Imported on 09/05 ::: * myContacts,,,,,Mobile,+91 90855 46865,Mobile,+91 70023 11035,Home,"Biswanath, Biswanath, Biswanath, India",Biswanath,Biswanath,,Biswanath,,India,,,,,,,
Bipul,,Saikia,,,,,,Bipul Sir Chemistry,,Tyagbir Hem Baruah College (THB),Teacher,Chemistry,,,,Imported on 09/05 ::: * myContacts,,,,,Mobile,+91 80114 38500,,,Home,"Gogamukh, Kusumtola, Sonitpur, India",Gogamukh,Kusumtola,,Sonitpur,,India,,,,,,,
Bipuljyoti,,Saikia,,,,,,,,Suvra,"Scientist, Literature, Writer",,,,https://lh3.googleusercontent.com/contacts/AG6tpzEWd8ke4n0wPrBZxIj7jDzG6E0JnexLmNtPRk2R3yYc4125iuWd,Imported on 09/05 ::: Special ::: * myContacts,,,,,Mobile,+91 94350 14075,,,Home,"Kusumtola, Jamugurihat, Guwahati, Kamrup Metro, India",Kusumtola,"Jamugurihat, Guwahati",,Kamrup Metro,,India,,,,,,Photo,https://lh3.googleusercontent.com/contacts/AG6tpzEWd8ke4n0wPrBZxIj7jDzG6E0JnexLmNtPRk2R3yYc4125iuWd
Biren,,Borah,,,,,,,,LIC,"Agent, Sinaki, Relative",,,,,Imported on 09/05 ::: * myContacts,,,,,Mobile,+919101829683,,,Home,"Hatinga, Rangachakua, Sonitpur, India",Hatinga,Rangachakua,,Sonitpur,,India,,,,,,,
Birlang,,Basumatary,,,,,,,,SDC Office,,,,,,Imported on 09/05 ::: * myContacts,,,,,Mobile,86388 37635,,,,,,,,,,,,,,,,,
Bishal,,Das,,,,,,,,Gauhati University (GU),"Sinaki, Scholar, Economics",,,,,Imported on 09/05 ::: * myContacts,,,,,Mobile,86383 57767,Mobile,+91 70028 28719,Home,"Tezpur, Tezpur, Sonitpur, India",Tezpur,Tezpur,,Sonitpur,,India,,,,,,,
Bishal,,Gahatraj,,,,,,,,"Tyagbir Hem Baruah College (THB), Police","Sub-Inspector (SI), Class-Mate",,,,,Imported on 09/05 ::: * myContacts,,,,,Mobile,+9101469402,Mobile,+91 91014 69402,Home,"Gamiripal, Jamugurihat, Sonitpur, India",Gamiripal,Jamugurihat,,Sonitpur,,India,,,,,,,
Bishnupriya,,Bordoloi,,,,,,,,Rangachakua Post Office,,,,"Additional phones: 985-902-5507, 985-902-5507, +91 70026 79186, +913715293637, +919476680880",https://lh3.googleusercontent.com/contacts/AG6tpzHl-qYJfaC3dZFnORiTJDwR-l2IgnxcxE9aFUEFs-qChOWEvT32,Imported on 09/05 ::: Female ::: * myContacts,,,,,Mobile,+919859025507,Mobile,+919859025507,Home,"Rangachakua, Assam, India",,Rangachakua,,Assam,,India,,,,,,Photo,https://lh3.googleusercontent.com/contacts/AG6tpzHl-qYJfaC3dZFnORiTJDwR-l2IgnxcxE9aFUEFs-qChOWEvT32
Bishrut,,Saikia,,,,,,,,Sining,Contact,,,,,Imported on 09/05 ::: VIP ::: * myContacts,,,,,Mobile,86380 58366,,,Home,India,,,,,,India,,,,,,,
Himashree (Biswa),,Neog,,,,,,Biswa Khuri,,Biswa Khura,"Wife, Khuri",,,Additional phones: 985-415-6382,,Imported on 09/05 ::: * myContacts,,,,,Mobile,9854156382,Phone,+91 98590 05616,Home,"Simaluguri, Gohpur, Biswanath, India",Simaluguri,Gohpur,,Biswanath,,India,,,,,,,
Biswajit,,Das,,,,,,,,Coaching Itakhola,"Teacher, Owner",,,,,* myContacts,,,,,Mobile,+919706922967,,,Home,"Itakhola, Itakhola, Sonitpur, India",Itakhola,Itakhola,,Sonitpur,,India,,,,,,,
Biswajit,,Das,,,,,,,,Madhabdev University (MDU),"Student, Hostel-Mate",Mathematics,,,,Imported on 09/05 ::: * myContacts,,,,,Mobile,+916001123594,,,Home,"Dhemaji, Dhemaji, Dhemaji, India",Dhemaji,Dhemaji,,Dhemaji,,India,,,,,,,
Biswajit,,Neog,,,,,,,,,Teacher,,,,,Imported on 09/05 ::: * myContacts,,,,,Mobile,+919957669985,,,Home,"Simaluguri, Gohpur, Sonitpur, India",Simaluguri,Gohpur,,Sonitpur,,India,,,,,,,
Udip Krishna,,Das,,,,,,,,DAS,"Relative, Brother",,,,,* myContacts,,,,,Mobile,+917577810422,,,Home,"Maniknagar, Tezpur, Sonitpur, India",Maniknagar,Tezpur,,Sonitpur,,India,,,,,,,
Bole,,Thapa,,,,,,,,Ertiga,Owner,,,,,* myContacts,,,,,Mobile,+917896434482,,,Home,"Agripam, Rangachakua, Sonitpur, India",Agripam,Rangachakua,,Sonitpur,,India,,,,,,,
Bongsi,,Das,,,,,,Bongsi Borta,,DAS,"Relative, Borta",,,,,Imported on 09/05 ::: * myContacts,,,,,Mobile,+91 94014 64729,,,Home,"Sarubhogia, Kusumtola, Jamugurihat, Sonitpur, India",Sarubhogia,"Kusumtola, Jamugurihat",,Sonitpur,,India,,,,,,,
Bora,,Vindeu,,,,,,Bora Compounder Vindeu,,Ranachakua Hospital,"Compounder, Relative",,,,,Imported on 09/05 ::: * myContacts,,,,,Mobile,60011 80679,Mobile,+917638086687,Home,"Kathorbari, Jamugurihat, Sonitpur, India",Kathorbari,Jamugurihat,,Sonitpur,,India,,,,,,,
Borah,,Da,,,,,,Borah Da DGCD,,Darrang College (DGCD),Colleague,,,,,* myContacts,,,,,Mobile,+919101941981,,,Home,"Nagaon, Nagaon, Nagaon, India",Nagaon,Nagaon,,Nagaon,,India,,,,,,,
Bornali,Gym,,,,,,,,,GYM,Gym-Mate,,,,,Imported on 09/05 ::: * myContacts,,,,,Mobile,+91 95776 55793,,,Home,"Soibari, Soibari, Sonitpur, India",Soibari,Soibari,,Sonitpur,,India,,,,,,,
Brajkishor Mishra,,Ayurved Premature,,,,,,,,Brajkishor Mishra,,,,,,Imported on 09/05 ::: * myContacts,,,,,Mobile,+919953023767,,,,,,,,,,,,,,,,,
Bubu,,Dunduvi,,,,,,Bubu Da Donduri,,Bhauna,,,,,,Imported on 09/05 ::: * myContacts,,,,,Mobile,+91 91014 61812,,,Home,"Santipur, Rangachakua, Sonitpur, India",Santipur,Rangachakua,,Sonitpur,,India,,,,,,,
Bulbuli,,Khanikor,,,,,,,,Gauhati University (GU),Professor,,,,,Imported on 09/05 ::: * myContacts,* Home,khanikorbulbuli@yahoo.co.in,,,,,,,Home,"Guwahati, Kamrup Metro, India",,Guwahati,,Kamrup Metro,,India,,,,,,,
Bulbuli,,Boruah,,,,,,,,"Facebook, Dibrugarh University (DU)",Sinaki,,,,,Imported on 09/05 ::: * myContacts,,,,,Mobile,91014 04735,,,Home,"Dibrugarh, Jorhat, India",,Dibrugarh,,Jorhat,,India,,,,,,,
Bulbuli,,Khanikar,,,,,,,,,,,,,,Imported on 09/05 ::: * myContacts,,,,,Phone,+91 93656 44187,,,,,,,,,,,,,,,,,
Buli,,,,,,,,Buli Bou Nagsankar,,DAS,"Relative, Bou",,,,,Female ::: * myContacts,,,,,Mobile,60006 32738,,,Home,"Nagsankar, Sootea, Biswanath, India",Nagsankar,Sootea,,Biswanath,,India,,,,,,,
Bulin,Borthakur,Borthakur,,,,,,,,RHSS,Teacher,,,,,Imported on 09/05 ::: * myContacts,,,,,Mobile,91017 51836,,,Home,India,,,,,,India,,,,,,,
Chandra Kamal,K DA,Saikia,,,,,,C K DA DA/RGU,,"Rajiv Gandhi University (RGU), Kkhsou","Senior, Phd, Physics",,,,,Imported on 09/05 ::: * myContacts,,,,,Mobile,+91 70862 31702,,,Home,"Ghilamora, Dhemaji, Dhemaji, India",Ghilamora,Dhemaji,,Dhemaji,,India,,,,,,,
Canara Bank,,Manager Gohpur,,,,,,,,Canara Bank,Manager,,,,,Imported on 09/05 ::: * myContacts,,,,,Mobile,+917099072762,,,Home,"Gohpur, Assam, India",,Gohpur,,Assam,,India,,,,,,,
Chanmoni,,Bhuyan,,,,,,,,Tyagbir Hem Baruah College (THB),Student,,,,,Imported on 09/05 ::: * myContacts,,,,,Mobile,+91 93651 67277,,,Home,India,,,,,,India,,,,,,,
Chinmoi,,Sabhapandit,,,,,,,,Madhabdev University (MDU),"Class-Mate, Sociology",,,,,Imported on 09/05 ::: * myContacts,,,,,Mobile,+91 76379 94040,,,Home,India,,,,,,India,,,,,,,
Chinmoy,,Das,,,,,,,,Tyagbir Hem Baruah College (THB),Class-Mate,,,,,Imported on 09/05 ::: * myContacts,,,,,Mobile,+918638155807,,,Home,"Panpur, Jamugurihat, Sonitpur, India",Panpur,Jamugurihat,,Sonitpur,,India,,,,,,,
Chiranjib,,Basumatari,,,,,,,,Darrang College (DGCD),Junior,,,,,Imported on 09/05 ::: * myContacts,,,,,Mobile,+91 88764 05085,Mobile,86389 26976,Home,"Bamunorbari, Jamugurihat, Sonitpur, India",Bamunorbari,Jamugurihat,,Sonitpur,,India,,,,,,,
Chiranjita,,Sharma,,,,,,,,SFI,,,,,,* myContacts,,,,,Mobile,+919854702935,,,Home,"Toubhanga, Jamugurihat, Sonitpur, Biswanath, India",Toubhanga,Jamugurihat,,"Sonitpur, Biswanath",,India,,,,,,,
Chirantanu,,Maak,,,,,,,,,,,,,,Imported on 09/05 ::: * myContacts,,,,,Mobile,+91 96133 00094,,,Home,India,,,,,,India,,,,,,,
Chirantanu,,Saikia,,,,,,,,Tyagbir Hem Baruah College (THB),Class-Mate,,,,https://lh3.googleusercontent.com/contacts/AG6tpzHV2OhF7kJ0wN84fSqy0p_uUHbANoj1-PIl7_Qfn_GD7JE5BgUq,Imported on 09/05 ::: * friends ::: * myContacts,,,,,Mobile,+919613553130,Mobile,+918638726313,Home,"Barbhagia, Jamugurihat, Sonitpur, India",Barbhagia,Jamugurihat,,Sonitpur,,India,,,,,,Photo,https://lh3.googleusercontent.com/contacts/AG6tpzHV2OhF7kJ0wN84fSqy0p_uUHbANoj1-PIl7_Qfn_GD7JE5BgUq
Chitara,,,,,,,,,,Tyagbir Hem Baruah College (THB),Student,,,,,Imported on 09/05 ::: * myContacts,,,,,Mobile,+919132405280,,,Home,"Jamugurihat, Sonitpur, India",,Jamugurihat,,Sonitpur,,India,,,,,,,
Rahul,,Bhattarai,,,,,,,,Creative Vision English School,Owner,,,,,* myContacts,,,,,Mobile,+918617735947,,,Home,"Agripam, Rangachakua, Sonitpur, India",Agripam,Rangachakua,,Sonitpur,,India,,,,,,,
Dambaru,,Acharya,,,,,,,,,"Teacher, Relative, Khura",,,"Additional phones: 757-595-6506, +91 91013 36556",,Imported on 09/05 ::: * myContacts,,,,,Mobile,+917575956506,Mobile,+917575956506,Home,"Agripam, Rangachakua, Sonitpur, India",Agripam,Rangachakua,,Sonitpur,,India,,,,,,,
Dwijen,,Das,,,,,,Dangor Borta,,DAS,"Relative, Borta",,,"Additional phones: 943-505-6781, 943-505-6781, +91 60011 05711",,Imported on 09/05 ::: * family ::: * myContacts,,,,,Mobile,+919435056781,Mobile,+919435056781,Home,"Zoo Road, Guwahati, Kamrup Metro, India",Zoo Road,Guwahati,,Kamrup Metro,,India,,,,,,,
Deba Kumar,,,,,,,,,,Karuna,Sasur,,,,,Imported on 09/05 ::: * myContacts,,,,,Mobile,+919101383836,,,Home,"Pothalipahar, Bihpuria, Lakhimpur, India",Pothalipahar,Bihpuria,,Lakhimpur,,India,,,,,,,
Debabrat,,Borgohain,,,,,,,,Facebook,Sinaki,,,,,Imported on 09/05 ::: * myContacts,,,,,Mobile,+919435100765,,,Home,India,,,,,,India,,,,,,,
Debashis,,Da,,,,,,Debashis Da Yukti,,Yukti,Member,,,,,* myContacts,,,,,Mobile,+918876582069,Mobile,+918011309805,Home,"Narayanpur, Narayanpur, Lakhimpur, India",Narayanpur,Narayanpur,,Lakhimpur,,India,,,,,,,
Debashree,,Baruah,,,,,,,,Tyagbir Hem Baruah College (THB),Student,,,,,Imported on 09/05 ::: * myContacts,,,,,Mobile,+91 96787 76102,Mobile,+91 98640 60385,Home,India,,,,,,India,,,,,,,
Debashree,,Borthakur,,,,,,,,"Tripura University, Donbosco University","Sinaki, Scholar, Professor",,,,,Imported on 09/05 ::: * myContacts,,,,,Mobile,97067 44927,,,Home,"Guwahati, Kamrup Metro, India",,Guwahati,,Kamrup Metro,,India,,,,,,,
Debate,,Rajdeep,,,,,,,,SFI,President,,,,,Imported on 09/05 ::: * myContacts,,,,,Mobile,+91 93656 71229,,,Home,"Narayanpur, Lakhimpur, India",,Narayanpur,,Lakhimpur,,India,,,,,,,
Debojit,,Da,,,,,,Debojit Da,,Rajiv Gandhi University (RGU),"Senior, Economics",,,,,Imported on 09/05 ::: * myContacts,,,,,Mobile,+91 81329 13882,Mobile,+916900576144,Home,India,,,,,,India,,,,,,,
Deha,,,,,,,,Deha Bap Da,,Bap Da,"Relative, Brother, Neighbour",,,,,* myContacts,,,,,Mobile,+916003675588,,,Home,"2 No. Batamari, Rangachakua, Sonitpur, India",2 No. Batamari,Rangachakua,,Sonitpur,,India,,,,,,,
Dental,,Lakhara,,,,,,,,,,,,,,* myContacts,,,,,,7637866282,,,,,,,,,,,,,,,,,
Deuta,,,,,,,,,,,,,,Additional phones: 943-589-1478,https://lh3.googleusercontent.com/contacts/AG6tpzH2F4a_CIsRpqR76LgXH_NUx0gOLP8MEYIs-73z8Izig_6iAeM1,Imported on 09/05 ::: * family ::: * myContacts ::: * starred,,,,,Mobile,+919435891478,Mobile,+919435891478,Home,India,,,,,,India,,,,,,Photo,https://lh3.googleusercontent.com/contacts/AG6tpzH2F4a_CIsRpqR76LgXH_NUx0gOLP8MEYIs-73z8Izig_6iAeM1
Dhan,Da,Da,,,,,,Dhan Da Borta Driver,,Dwijen Das,Driver,,,,,Imported on 09/05 ::: * myContacts,,,,,Mobile,+919365492094,,,Home,"Rangachakua, Rangachakua, Sonitpur, India",Rangachakua,Rangachakua,,Sonitpur,,India,,,,,,,
Dhan,,Daa,,,,,,Dhan Daa,,,"Relative, Brother",,,"Additional phones: +917576034869, 86382 16508",,Imported on 09/05 ::: * myContacts,,,,,Mobile,839-983-7499,Mobile,839-983-7499,Home,"Bajargaon, Tezpur, Sonitpur, India",Bajargaon,Tezpur,,Sonitpur,,India,,,,,,,
Dharani,,Bhanu Chowk,,,,,,,,,,,,,,* myContacts,,,,,Mobile,+917635952205,,,Home,"Morisuti, Rangachakua, Sonitpur, India",Morisuti,Rangachakua,,Sonitpur,,India,,,,,,,
Dharani,,Gautam,,,,,,,,GenOne,Member,,,,,* myContacts,,,,,Mobile,+918099087288,,,Home,"Charipukhuri, Rangachakua, Sonitpur, India",Charipukhuri,Rangachakua,,Sonitpur,,India,,,,,,,
Dharma,,Sarania,,,,,,,,Tyagbir Hem Baruah College (THB),Class-Mate,,,,,Imported on 09/05 ::: * myContacts,,,,,Mobile,+919085957280,,,Home,"Kusumtula, Jamugurihat, Sonitpur, India",Kusumtula,Jamugurihat,,Sonitpur,,India,,,,,,,
Dharmaraj,,Biswakarma,,,,,,,,GenOne,Member,,,,,* myContacts,,,,,Mobile,+916900993483,,,Home,"Morisuti, Rangachakua, Sonitpur, India",Morisuti,Rangachakua,,Sonitpur,,India,,,,,,,
Dhiman,,Kakati,,,,Dr.,,,,"Astrology Bhairab, Madhabdev University (MDU)",Class-Mate,,,,,Imported on 09/05 ::: * myContacts,,,,,Mobile,+91 93955 15554,Mobile,+91 93659 59427,Home,"Burha-burhi, Narayanpur, Lakhimpur, India",Burha-burhi,Narayanpur,,Lakhimpur,,India,,,,,,,
Dhiren,,Sakia,,,,,,,,Murkong Selek College,PhD Scholar,Sociology,,,,Imported on 09/05 ::: * myContacts,,,,,Mobile,+91 91014 09817,,,,,,,,,,,,,,,,,
Dhruvajyoti,,Arjuna Muga,,,,,,,,Facebook,Sinaki,,,,,Imported on 09/05 ::: * myContacts,,,,,Mobile,88763 47381,,,Home,"Sonari, Sivasagar, Sivasagar, India",Sonari,Sivasagar,,Sivasagar,,India,,,,,,,
Dhurjyoti,,Tipuk,,,,,,,,Facebook,Sinaki,,,,,Imported on 09/05 ::: * myContacts,,,,,Mobile,+917002277959,,,Home,India,,,,,,India,,,,,,,
Dibya,,Devi (Bidyapoti),,,,,,,,Genoone,"Member, Neighbour",,,,,* myContacts,,,,,Mobile,+917099362191,Mobile,+917577835351,Home,"Charipukhuri, Rangachakua, Sonitpur, India",Charipukhuri,Rangachakua,,Sonitpur,,India,,,,,,,
Diksha,,Sharma,,,,,,,,,Student,,,,,Imported on 09/05 ::: * myContacts,,,,,Mobile,+918822386241,,,,,,,,,,,,,,,,,
Dikshita,,Bhuyan,,,,,,,,Madhabdev University (MDU),,English,,,,Imported on 09/05 ::: * myContacts,,,,,Mobile,+919859993919,,,,,,,,,,,,,,,,,
Dilip,,Thengal,,,,,,,,Reliance Jio,,,,Additional phones: 700-295-4905,,Imported on 09/05 ::: * myContacts,,,,,Mobile,912-714-5205,Mobile,912-714-5205,,,,,,,,,,,,,,,
Dilshad,,Np,,,,,,,,Madhabdev University (MDU),Student,,,,,Imported on 09/05 ::: * myContacts,,,,,Mobile,+916026716968,,,Home,"Narayanpur, Narayanpur, Lakhimpur, India",Narayanpur,Narayanpur,,Lakhimpur,,India,,,,,,,
Dimpi,,Dhunu,,,,,,,,,Neighbour,,,,,Imported on 09/05 ::: * myContacts,,,,,Mobile,+91 91262 37463,,,Home,"Rangachakua, Rangachakua, Sonitpur, India",Rangachakua,Rangachakua,,Sonitpur,,India,,,,,,,
Dimpi,,Mudoi,,,,,,,,Tyagbir Hem Baruah College (THB),Student,,,,,Imported on 09/05 ::: * myContacts,,,,,Mobile,+91 80117 67862,,,Home,"Kusumtula, Jamugurihat, Sonitpur, India",Kusumtula,Jamugurihat,,Sonitpur,,India,,,,,,,
Dinata Roy,,Call,,,,,,,,"Madhabdev University (MDU), MZU, Gauhati University (GU), Tocklai Tea Research Institute",Sinaki,,,,,Imported on 09/05 ::: * myContacts,* Work,drtfx@umsystem.edu,Home,Dinataroy9@gmail.com,Mobile,60035 39538,Mobile,+15738017745,Home,"Kamrup Metro, India",,,,Kamrup Metro,,India,,,,,,,
Dinesh,,Mahanta,,,,,,,,Nam Dharma Samaj,Sinaki,,,,,Imported on 09/05 ::: Special ::: * myContacts,,,,,Mobile,86385 81288,,,Home,"Jamugurihat, Jamugurihat, Sonitpur, India",Jamugurihat,Jamugurihat,,Sonitpur,,India,,,,,,,
Dipakshi,,Phukan,,,,,,,,Rajiv Gandhi University (RGU),Class-Mate,,,,,Imported on 09/05 ::: * myContacts,,,,,Mobile,+91 70862 60139,,,Home,"Udalguri, India",,,,Udalguri,,India,,,,,,,
Dipankar,,Saikia,,,,,,,,GYM,Neighbour,,,,,Imported on 09/05 ::: * myContacts,* Home,dipankarsaikiads1@gmail.com,,,Mobile,+91 70996 33053,,,Home,"Hatinga, Ratnapur, Rangachakua, Sonitpur, India","Hatinga, Ratnapur",Rangachakua,,Sonitpur,,India,,,,,,,
Dipesh,,Maa,,,,,,Dipesh Maa,,,,,,,,Imported on 09/05 ::: * myContacts,,,,,Mobile,+918287384656,Mobile,+918287384656,Home,"Rangachakua, Biswanath, India",,Rangachakua,,Biswanath,,India,,,,,,,
Dipesh,,Nepal,,,,,,,,"RHSS, Darrang College (DGCD)",Class-Mate,,,Additional phones: +91 81780 66375,,Imported on 09/05 ::: * friends ::: * myContacts,* Home,dn38070@gmail.com,,,Mobile,+918402945344,Mobile,+918178066375,Home,"Balijuri, Rangachakua, Biswanath, India",Balijuri,Rangachakua,,Biswanath,,India,,,,,,,
Dipsundar,,,,,,,,,,Madhabdev University (MDU),Student,,,,,Imported on 09/05 ::: * myContacts,,,,,Mobile,+919365572774,,,Home,"Bohupothar, Narayanpur, Lakhimpur, India",Bohupothar,Narayanpur,,Lakhimpur,,India,,,,,,,
Dipu,,Das,,,,,,Dipu Da,,DAS,"Relative, Brother",,,,,* myContacts,,,,,Mobile,+918721076808,,,Home,"Rangachakua, Rangachakua, Sonitpur, India",Rangachakua,Rangachakua,,Sonitpur,,India,,,,,,,
Director,,GU,,,,,,,,Gauhati University (GU),Director,,,,,Imported on 09/05 ::: * myContacts,,,,,Mobile,99546 47692,,,,,,,,,,,,,,,,,
Disha,,Bhuyan,,,,,,,,Tyagbir Hem Baruah College (THB),Student,,,,,Imported on 09/05 ::: * myContacts,,,,,Mobile,+91 70021 05220,,,Home,"Nagsankar, Sootea, Biswanath, India",Nagsankar,Sootea,,Biswanath,,India,,,,,,Photo,https://lh3.googleusercontent.com/contacts/AG6tpzFBrzk21bzHAmJpXP09TdKpUK916n_vijjBdsQNccj_r5EXtcMt
Dishant,,Gautam,,,,,,,,Salik Sir,"Neighbour, Sinaki",,,,,Imported on 09/05 ::: * myContacts,,,,,Mobile,+917099633072,Work,9365106169,Home,"Charipukhuri, Rangachakua, Sonitpur, India",Charipukhuri,Rangachakua,,Sonitpur,,India,,,,,,,
DN,,Das,,,,,,,,Rajiv Gandhi University (RGU),"Teacher, Professor",,,,,Imported on 09/05 ::: * myContacts,,,,,Mobile,+919436220201,,,Home,"Arunachal Pradesh, India",,,,Arunachal Pradesh,,India,,,,,,,
Bipul,,Vindeu,,,,Dr.,,Dr. Bipul Vindeu,,DAS,Relative,,,,,Imported on 09/05 ::: * myContacts,,,,,Mobile,70024 72035,,,Home,"Hajo, Hajo, Kamrup Rural, India",Hajo,Hajo,,Kamrup Rural,,India,,,,,,,
Kaushlendra,,PUC,,,,Dr.,,,,MZU,Guide,,,,,* myContacts,,,,,Mobile,+919366518706,,,Home,India,,,,,,India,,,,,,,
Dristi,,,,,,,,,,"Darrang College (DGCD), Nagoan University",Junior,,,,,Imported on 09/05 ::: * myContacts,,,,,Mobile,+91 87618 72932,,,Home,"Nagaon, India",,,,Nagaon,,India,,,,,,,
Dudu,,,,,,,,,,Rangachkua,"Sinaki, Neighbour",,,,,Imported on 09/05 ::: * myContacts,,,,,Mobile,+91 91011 77652,Mobile,69006 37880,Home,"Rangachakua, Rangachakua, Assam, India",Rangachakua,Rangachakua,,Assam,,India,,,,,,,
Dul,,Bhuyan,,,,,,Dul Da Xerox,,Xerox,Owner,,,,,Imported on 09/05 ::: * myContacts,,,,,Mobile,99548 09982,,,Home,"Charipukhuri, Rangachakua, Sonitpur, India",Charipukhuri,Rangachakua,,Sonitpur,,India,,,,,,,
Dul Jyotir,,Bhaiti,,,,,,Dul Jyotir Bhaiti,,,,,,,,* myContacts,,,,,Mobile,+919957648971,,,Home,"Rangachakua, Sonitpur, India",,Rangachakua,,Sonitpur,,India,,,,,,,
Gagan,,,,,,,,,,Madhabdev University (MDU),Student,,,,,Imported on 09/05 ::: * myContacts,,,,,Mobile,+916000128509,,,Home,"Narayanpur, Lakhimpur, India",,Narayanpur,,Lakhimpur,,India,,,,,,,
Gajen,,,,,,,,,,RHSS,Class-Mate,,,,,Imported on 09/05 ::: * myContacts,,,,,Mobile,+91 60031 22312,Mobile,+91 84740 27374,Home,"Baliporia Gaon, Rangachakua, Sonitpur, India",Baliporia Gaon,Rangachakua,,Sonitpur,,India,,,,,,,
Gangotry,,Konwar,,,,,,,,Rajiv Gandhi University (RGU),Batch-Mate,,,,,Imported on 09/05 ::: * myContacts,,,,,Mobile,+91 86382 15147,,,Home,"Bihpuria, Lakhimpur, India",,Bihpuria,,Lakhimpur,,India,,,,,,Photo,https://lh3.googleusercontent.com/contacts/AG6tpzFcwjHcVuYeGT9SJsQsCWkfTY9v1VvZCvC-U9Dm96tFMHOjWbed
Garish,,Bhuyan,,,,,,,,Madhabdev University (MDU),Student,,,,,Imported on 09/05 ::: * myContacts,,,,,Mobile,+918011369967,,,Home,"Narayanpur, Lakhimpur, India",,Narayanpur,,Lakhimpur,,India,,,,,,,
Gaurab Khanal,,,,,,,,,,Darrang College (DGCD),Batch-Mate,,,,,Imported on 09/05 ::: * myContacts,,,,,Mobile,+917035251047,Mobile,+918721023370,Home,"Dhekiajuli, Sonitpur, India",,Dhekiajuli,,Sonitpur,,India,,,,,,,
Gaurab,,Newar,,,,,,,,"RHSS, Darrang College (DGCD), Rajiv Gandhi University (RGU)",Class-Mate,,,Additional phones: +918474861633,,Imported on 09/05 ::: * friends ::: * myContacts,* ,Gauravnewar66@gmail.com,,,Mobile,+918404041832,Mobile,+917002903711,Home,"2 No. Batamari, Rangachakua, Sonitpur, India",2 No. Batamari,Rangachakua,,Sonitpur,,India,,,,Profile,http://www.google.com/profiles/105887098459868146919,,
Gaurav,,Maa,,,,,,,,,,,,,,Imported on 09/05 ::: * myContacts,,,,,Mobile,+917636865567,,,Home,"2 No. Batamari, Rangachakua, Sonitpur, India",2 No. Batamari,Rangachakua,,Sonitpur,,India,,,,,,Photo,https://lh3.googleusercontent.com/contacts/AG6tpzEQYylVtbK2nWp9fROsbRBYvb9DO3SDvk3Z9SGZR56Zv9AG41D-
Gauri,,Devi,,,,,,,,Tyagbir Hem Baruah College (THB),Student,,,,,Imported on 09/05 ::: * myContacts,,,,,Mobile,+91 87240 10995,,,Home,"Kusumtula, Jamugurihat, Sonitpur, India",Kusumtula,Jamugurihat,,Sonitpur,,India,,,,,,,
Gautam,,Dutta,,,,,,Gautam Da,,"Rajiv Gandhi University (RGU), Madhabdev University (MDU)",Senior,,,,,Imported on 09/05 ::: * myContacts,,,,,Mobile,+91 70023 54395,Mobile,+919859754894,Home,"Narayanpur, Jorhat, Lakhimpur, Jorhat, India",,"Narayanpur, Jorhat",,"Lakhimpur, Jorhat",,India,,,,,,,
Gayatri,,Borah,,,,,,,,Madhabdev University (MDU),Student,,,,,Imported on 09/05 ::: * myContacts,,,,,Mobile,+919365430663,,,Home,"Narayanpur, Lakhimpur, India",,Narayanpur,,Lakhimpur,,India,,,,,,,
Mainu,,Saikia,,,,,,Gayatri Maa,,,Neighbour,,,,,Imported on 09/05 ::: * myContacts,,,,,Mobile,+91 99546 27661,,,Home,"Rangachakua, Rangachakua, Sonitpur, India",Rangachakua,Rangachakua,,Sonitpur,,India,,,,,,,
Geeta,,Devi Bhujel,,,,,,,,,Sinaki,,,,,* myContacts,,,,,Mobile,+919401448877,,,Home,"2 No. Batamari, Tupia, Rangachakua, Sonitpur, India","2 No. Batamari, Tupia",Rangachakua,,Sonitpur,,India,,,,,,,
Gitalee,,Bhuyan,,,,,,,,Madhabdev University (MDU),Ex-Guide,,,,,Imported on 09/05 ::: * myContacts,,,,,Mobile,+91 87248 10132,Mobile,+91 70864 53386,Home,"Narayanpur, Lakhimpur, India",,Narayanpur,,Lakhimpur,,India,,,,,,,
Gitartha,,Borah,,,,,,,,Forest Department,Vulture Conservation,,,,,Imported on 09/05 ::: * myContacts,,,,,Mobile,+917638089596,,,Home,"Sootea, Biswanath, India",,Sootea,,Biswanath,,India,,,,,,,
Gitartha,,Kaushik,,,,,,,,Rangapara College,"Professor, Sinaki",,,,,Imported on 09/05 ::: * myContacts,,,,,Mobile,94357 80988,Mobile,+91 70021 98820,Home,"Guwahati, Biswanath, Biswanath, India",,"Guwahati, Biswanath",,Biswanath,,India,,,,,,,
Gitu,,Gym,,,,,,,,GYM,Gym-Mate,,,,,Imported on 09/05 ::: * myContacts,,,,,Mobile,+918822437352,,,Home,"Jamugurihat, Sonitpur, India",,Jamugurihat,,Sonitpur,,India,,,,,,,
Gramophone Record,,Moranhat,,,,,,,,,,,,,,Imported on 09/05 ::: * myContacts,,,,,Mobile,+91 70993 23299,,,Home,India,,,,,,India,,,,,,,
Green,,,,,,,,,,,Neighbour,,,,,Imported on 09/05 ::: * myContacts,,,,,Mobile,+91 76359 91866,,,Home,"Rangachakua, Sonitpur, India",,Rangachakua,,Sonitpur,,India,,,,,,,
Gupal,,Mahanta,,,,,,,,Facebook,"Sinaki, Neighbour",,,,,Imported on 09/05 ::: * myContacts,,,,,Mobile,+91 94350 65143,,,Home,"Rangachakua, Kamrup Metro, India",,Rangachakua,,Kamrup Metro,,India,,,,,,,
Gurusubramanian,,Guruswami,,,,,,,,MZU,Professor,,,,,* myContacts,* ,gurus64@yahoo.com,,,Mobile,+919862399411,,,Home,India,,,,,,India,,,,,,,
Guvinda,,Neog,,,,,,,,Biswajit Neog,Sinaki,,,,,Imported on 09/05 ::: * myContacts,,,,,Mobile,+917399228335,,,Home,"Narayanpur, Lakhimpur, India",,Narayanpur,,Lakhimpur,,India,,,,,,,
Gym,,Man,,,,,,,,GYM,Teacher,,,,,Imported on 09/05 ::: * myContacts,,,,,Mobile,+91 86382 31885,,,Home,"Soibari, Jamugurihat, Sonitpur, India",Soibari,Jamugurihat,,Sonitpur,,India,,,,,,,
H. Lalruatsanga,,Head Life Science,,,,,,,,"MZU, PUC",HOD,,,,,* myContacts,,,,,Mobile,+919436195356,,,Home,India,,,,,,India,,,,,,,
Hamza,,Chaudhury,,,,,,,,"Bigyan Monosko Jatra, Facebook",Sinaki,,,,,Imported on 09/05 ::: * myContacts,,,,,Mobile,+919864105159,,,Home,"Kamrup Metro, India",,,,Kamrup Metro,,India,,,,,,,
Hargobinda,,Pathak,,,,,,,,Sankardev Studies Spirituality,Sinaki,,,,,Imported on 09/05 ::: * myContacts,,,,,Mobile,94355 56150,,,Home,"Kamrup Metro, India",,,,Kamrup Metro,,India,,,,,,,
Hari,,Barman,,,,,,,,Rajiv Gandhi University (RGU),"Batch-Mate, Hostel-Mate",,,Additional phones: +919394942883,https://lh3.googleusercontent.com/contacts/AG6tpzFw8QEVYtAG5Wg4mf9ktZwTtxaE2jFh5WjdZPpr1PjMPVAMEsP5,Imported on 09/05 ::: * myContacts,,,,,Mobile,+916001017312,Mobile,+91 76700 47510,Home,"Gohpur, Biswanath, India",,Gohpur,,Biswanath,,India,,,,,,Photo,https://lh3.googleusercontent.com/contacts/AG6tpzFw8QEVYtAG5Wg4mf9ktZwTtxaE2jFh5WjdZPpr1PjMPVAMEsP5
Harjyoti,,,,,,,,,,Teaching,Sinaki,,,,,Imported on 09/05 ::: * myContacts,,,,,Mobile,+917896650794,,,Home,"Rowta, Udalguri, India",,Rowta,,Udalguri,,India,,,,,,,
Harsha,Pradip,Hazarika,,,,,,,,Madhabdev University (MDU),Class-Mate,,,,,Imported on 09/05 ::: * myContacts,,,,,Mobile,+919859026964,,,Home,"Narayanpur, Lakhimpur, India",,Narayanpur,,Lakhimpur,,India,,,,,,,
Head,,Sir Sumpi,,,,,,Head Sir Sumpi,,,,,,,,Imported on 09/05 ::: * myContacts,,,,,Mobile,78964 71604,,,,,,,,,,,,,,,,,
Heera,,Sharma,,,,,,,,GenOne,Member,,,,,* myContacts,,,,,Mobile,+917896065644,,,Home,"Charipukhuri, Rangachakua, Sonitpur, India",Charipukhuri,Rangachakua,,Sonitpur,,India,,,,,,,
Hemen,,Deka,,,,,,,,Gauhati University (GU),,Botany,,,,Imported on 09/05 ::: * myContacts,,,,,Mobile,+91 86386 89332,Mobile,+91 86386 89332,,,,,,,,,,,,,,,
Hemen,,Deka,,,,,,Hemen Deka Sir New,,"Gauhati University (GU), Jyotishmita Maam","Professor, Sinaki",,,,,Imported on 09/05 ::: * myContacts,,,,,Mobile,+91 93941 57985,,,Home,"Guwahati, Kamrup Metro, India",,Guwahati,,Kamrup Metro,,India,,,,,,,
Hillul Pratim,,Nath Machine,,,,,,,,Rice Cutter,,,,,,* myContacts,,,,,Mobile,+916003165428,,,Home,"Bamunorbari, Jamugurihat, Sonitpur, India",Bamunorbari,Jamugurihat,,Sonitpur,,India,,,,,,,
Himadri,,Biswa,,,,,,,,,,,,,,* myContacts,,,,,Mobile,+919859005616,,,Home,India,,,,,,India,,,,,,,
Himashree,,Rainy,,,,,,,,Darrang College (DGCD),Class-Mate,,,,,Imported on 09/05 ::: * myContacts,,,,,Mobile,+91 93947 11870,,,Home,"Tezpur, Gohpur, Sonitpur, Biswanath, India",,"Tezpur, Gohpur",,"Sonitpur, Biswanath",,India,,,,,,,
Himashri,,Rainy,,,,,,,,Darrang College (DGCD),Class-Mate,,,,,Imported on 09/05 ::: * myContacts,,,,,Mobile,+918402940242,Work,+91+91 93947 11870,Home,"Gohpur, Tezpur, Sonitpur, Biswanath, India",,"Gohpur, Tezpur",,"Sonitpur, Biswanath",,India,,,,,,Photo,https://lh3.googleusercontent.com/contacts/AG6tpzHFEVbsJMkFCGegmPisoNnqswDrliUgmtufq_vlhGVS-OmG84G0
Hiranya,,Das,,,,,,,,Darrang College (DGCD),Class-Mate,,,,,Imported on 09/05 ::: * myContacts,,,,,Work,+91 70020 58647,,,Home,"Gohpur, Biswanath, India",,Gohpur,,Biswanath,,India,,,,,,,
Hiranya Khura,,Arunadaya,,,,,,Hiranya Khura Arunadaya,,Arunudaya,Owner,,,,,Imported on 09/05 ::: * myContacts,,,,,Mobile,+919954398621,,,Home,"Jamugurihat, Sonitpur, India",,Jamugurihat,,Sonitpur,,India,,,,,,,
Hiren,,Changmai,,,,,,,,Darrang College (DGCD),Colleague,,,,,* myContacts,,,,,Mobile,+916003138805,,,Home,"Guwahati, Kamrup Metro, India",,Guwahati,,Kamrup Metro,,India,,,,,,,
Hiren,,Gogoi,,,,Dr.,,,,Rajiv Gandhi University (RGU),"Teacher, Professor",,,,,Imported on 09/05 ::: * myContacts,,,,,Mobile,+91 99572 85547,,,Home,"Dhemaji, Arunachal Pradesh, India",,Dhemaji,,Arunachal Pradesh,,India,,,,,,,
Hiron,,Doley,,,,,,,,Madhabdev University (MDU),"Student, Hostel-Mate",,,,https://lh3.googleusercontent.com/contacts/AG6tpzFjc19nh67qUbKCK26v3pL-qt7fOfgNya3VloX-o9flIgHfXn-4,Imported on 09/05 ::: * myContacts,,,,,Mobile,+917577083735,Mobile,+919706628586 ::: 97066 28586,Home,"Gohpur, Biswanath, India",,Gohpur,,Biswanath,,India,,,,,,Photo,https://lh3.googleusercontent.com/contacts/AG6tpzFjc19nh67qUbKCK26v3pL-qt7fOfgNya3VloX-o9flIgHfXn-4
House,,11,,,,,,,,,,,,Location Map: https://maps.app.goo.gl/aQ5wAbo3zzE8o9DU6,,* myContacts,,,,,Mobile,+916002149971,,,Home,,,,,,,,,,,,,,
House,,12,,,,,,,,,,,,Location Map: https://maps.app.goo.gl/6u578yntRguJEykGA,,* myContacts,,,,,Mobile,+918453373207,,,Home,,,,,,,,,,,,,,
House,,13,,,,,,,,,,,,Location Map: https://maps.app.goo.gl/a5MNo8dJaN1hpNG48,,* myContacts,,,,,Mobile,+917099362096,,,Home,,,,,,,,,,,,,,
House,,15,,,,,,,,,,,,Location Map: https://maps.app.goo.gl/bHBwY42QcHyfS28m6,,* myContacts,,,,,Mobile,+919394100250,,,Home,,,,,,,,,,,,,,
House,,16,,,,,,,,,,,,Location Map: https://maps.app.goo.gl/a3FsrpPud7EUwHei8,,* myContacts,,,,,Mobile,+919101648179,,,Home,,,,,,,,,,,,,,
House,,17,,,,,,,,,,,,Location Map: https://maps.app.goo.gl/z675aZUfW47LzVMz7,,* myContacts,,,,,Mobile,+918471919773,,,Home,,,,,,,,,,,,,,
House,,18,,,,,,,,,,,,Location Map: https://maps.app.goo.gl/p8JqhW3iU7Y7ogn56,,* myContacts,,,,,Mobile,+919706540655,,,Home,,,,,,,,,,,,,,
House,,19,,,,,,,,,,,,Location Map: https://maps.app.goo.gl/PZsaijWZkknnCM2U8,,* myContacts,,,,,Mobile,+919954139339,,,Home,,,,,,,,,,,,,,
House,,2,,,,,,,,,,,,Location Map: https://maps.app.goo.gl/nTCxhZ7RrRodV2RS7,,* myContacts,,,,,Mobile,+919101050445,,,Home,,,,,,,,,,,,,,
House,,21,,,,,,,,,,,,Location Map: https://maps.app.goo.gl/8wKukvSmjoGjwEcj6,,* myContacts,,,,,Mobile,+919854623350,,,Home,,,,,,,,,,,,,,
House,,23,,,,,,,,,,,,Location Map: https://maps.app.goo.gl/CXiP1U2nrvqjZkXq8,,* myContacts,,,,,Mobile,+916900991068,,,Home,,,,,,,,,,,,,,
House,,25,,,,,,,,,,,,Location Map: https://maps.app.goo.gl/kG6SUhohdHUwCisQ9,,* myContacts,,,,,Mobile,+919365127726,,,Home,,,,,,,,,,,,,,
House 26,,,,,,,,,,,,,,Location Map: https://maps.app.goo.gl/U1Ssnt4zTe3A1E1q6,,* myContacts,,,,,Mobile,+918011759452,,,Home,,,,,,,,,,,,,,
House,,28,,,,,,,,,,,,Location Map: https://maps.app.goo.gl/9i81TRxZPc2dDScg7,,* myContacts,,,,,Mobile,+917002032307,,,Home,,,,,,,,,,,,,,
House,,3,,,,,,,,,,,,Location Map: https://maps.app.goo.gl/XYfG4WgnYfALiz7CA,,* myContacts,,,,,Mobile,+916900259979,,,Home,,,,,,,,,,,,,,
House,,4,,,,,,,,,,,,Location Map: https://maps.app.goo.gl/s744NJdENe5uVMacA,,* myContacts,,,,,Mobile,+917086754681,,,Home,,,,,,,,,,,,,,
House,,5,,,,,,,,,,,,Location Map: https://maps.app.goo.gl/8S8Di7PoZebhyqe79,,* myContacts,,,,,Mobile,+918876175372,,,Home,,,,,,,,,,,,,,
House,,6,,,,,,,,,,,,Location Map: https://maps.app.goo.gl/tuE8Jng7WxpPKszTA,,* myContacts,,,,,Mobile,+919365910126,,,Home,,,,,,,,,,,,,,
House,,8,,,,,,,,,,,,Location Map: https://maps.app.goo.gl/PmZuAyALrvuus8NU9,,* myContacts,,,,,Mobile,+916000583396,,,Home,,,,,,,,,,,,,,
House,,9,,,,,,,,,,,,Location Map: https://maps.app.goo.gl/83i3HHYHNFXgtqFU6,,* myContacts,,,,,Mobile,+919395468311,,,Home,,,,,,,,,,,,,,
House Dibyar Khura,,1,,,,,,House Dibyar Khura 1,,,,,,Location Map: https://maps.app.goo.gl/PP9aczgcPF7vDay5A,,* myContacts,,,,,Mobile,+919101839946,,,Home,,,,,,,,,,,,,,
House,,Unknown,,,,,,,,,,,,,,* myContacts,,,,,Mobile,+917670085339,,,,,,,,,,,,,,,,,
Hriday,,Saikia,,,,,,,,Rajiv Gandhi University (RGU),Batch-Mate,,,,,Imported on 09/05 ::: * myContacts,,,,,Mobile,+919365130261,,,Home,"Narayanpur, Lakhimpur, India",,Narayanpur,,Lakhimpur,,India,,,,,,,
Ifsc,,Code,,,,,,,,,,,,,,Imported on 09/05 ::: * myContacts,* Home,SBIN 0009142,,,,,,,,,,,,,,,,,,,,,
Indrajit,,Bezbaruah,,,,,,,,Facebook,"Sinaki, Professor, Literature",,,,,Imported on 09/05 ::: * myContacts,,,,,Mobile,86385 60071,,,Home,"Nagaon, Nagaon, India",,Nagaon,,Nagaon,,India,,,,,,,
Ismail,,Hossain,,,,,,,,Literature,"Literature, Sinaki",,,,,Imported on 09/05 ::: Special ::: * myContacts,,,,,Mobile,+91 94351 09764,,,Home,"Guwahati, Kamrup Metro, India",,Guwahati,,Kamrup Metro,,India,,,,,,,
Iswar,,Aditya,,,,,,,,Darrang College (DGCD),Batch-Mate,,,Additional phones: +8876733623,,Imported on 09/05 ::: * myContacts,,,,,Mobile,88767 33623,Mobile,+917002186854,Home,"Borgang, Biswanath, Biswanath, India",Borgang,Biswanath,,Biswanath,,India,,,,,,,
Iswar,,Maa,,,,,,Iswar Maa,,,,,,,,Imported on 09/05 ::: * myContacts,,,,,Mobile,+91 75789 19574,,,Home,"Borgang, Biswanath, Biswanath, India",Borgang,Biswanath,,Biswanath,,India,,,,,,,
Jagrat,,Bhuyan,,,,,,,,"Singing, Facebook","Sinaki, Work",,,,,Imported on 09/05 ::: * myContacts,,,,,Mobile,+917002027490,,,Home,"Biswanath, Biswanath, India",,Biswanath,,Biswanath,,India,,,,,,,
Jahnabi,,Baa,,,,,,Jahnabi Baa,,Rajiv Gandhi University (RGU),Senior,,,,,Imported on 09/05 ::: * myContacts,,,,,Mobile,700-213-9152,Mobile,700-213-9152,Home,"Guwahati, Kamrup Metro, India",,Guwahati,,Kamrup Metro,,India,,,,,,Photo,https://lh3.googleusercontent.com/contacts/AG6tpzEu7ZvQKroT_H0ZNM51NvRxzwnbHRbC-Nsf0tZgyTzNgOL-8uKv
Jahnabi,,Gogoi Saikia,,,,,,,,,Batch-Mate,,,,,Imported on 09/05 ::: Female ::: * myContacts,,,,,Mobile,60007 92722,,,Home,"Narayanpur, Lakhimpur, India",,Narayanpur,,Lakhimpur,,India,,,,,,,
Jahnvi,,Singh,,,,,,,,,,,,,,Imported on 09/05 ::: * myContacts,,,,,Mobile,+917084935747,Mobile,+918318430868,,,,,,,,,,,,,,,
Jayanta,,Khura Biswa,,,,,,Jayanta Khura Biswa,,,,,,,,Imported on 09/05 ::: * myContacts,,,,,Mobile,+91 87873 32914,,,Home,"Gohpur, Arunachal Pradesh, India",,Gohpur,,Arunachal Pradesh,,India,,,,,,,
Jeet,,Nath,,,,,,,,Darrang College (DGCD),"Junior, Sinaki",,,,https://lh3.googleusercontent.com/contacts/AG6tpzF-sCTfBmXKAisTq3ak4NyCH6B-N6QIvaBC1W07LCae8RTE2EcC,Imported on 09/05 ::: * myContacts,,,,,Mobile,+919127088917,Mobile,+91 70020 59211,Home,"Bamunorbari, Jamugurihat, Sonitpur, India",Bamunorbari,Jamugurihat,,Sonitpur,,India,,,,,,Photo,https://lh3.googleusercontent.com/contacts/AG6tpzF-sCTfBmXKAisTq3ak4NyCH6B-N6QIvaBC1W07LCae8RTE2EcC
Jeni,,Ba,,,,,,Jeni Ba,,,Neighbour,,,,,Imported on 09/05 ::: * myContacts,,,,,Mobile,60017 22560,Mobile,+919085457280,Home,"Rangachakua, Barhampur, Rangachakua, Jamugurihat, Sonitpur, India","Rangachakua, Barhampur","Rangachakua, Jamugurihat",,Sonitpur,,India,,,,,,,
Jharna,,Baa,,,,,,Jharna Baa MDU PhD,,Madhabdev University (MDU),Class-Mate,,,,,Imported on 09/05 ::: * myContacts,,,,,Mobile,+916001144978,,,Home,"Dibrugarh, Dibrugarh, India",,Dibrugarh,,Dibrugarh,,India,,,,,,,
Jharna,,Chakraborty,,,,,,,,Rajiv Gandhi University (RGU),"Professor, Teacher",,,,,Imported on 09/05 ::: * myContacts,* ,jharnargu@gmail.com,,,Mobile,+91 88370 19229,Mobile,94368 97778,Home,"Arunachal Pradesh, India",,,,Arunachal Pradesh,,India,,,,,,,
Jintu,,Borah,,,,,,,,Madhabdev University (MDU),Student,,,,,Imported on 09/05 ::: * myContacts,,,,,Mobile,+918134807091,,,Home,"Bhugpur, Narayanpur, Lakhimpur, India",Bhugpur,Narayanpur,,Lakhimpur,,India,,,,,,,
Jit Sir,,Tupia,,,,,,Jit Sir Tupia,,SFI,Sinaki,,,,,Imported on 09/05 ::: * myContacts,,,,,Mobile,70861 66482,,,Home,"Sonitpur, India",,,,Sonitpur,,India,,,,,,,
Jitu Da,,Yukti,,,,,,Jitu Da Yukti,,Yukti,,,,,,* myContacts,,,,,Mobile,+918638463265,,,Home,"Dhemaji, Dhemaji, India",,Dhemaji,,Dhemaji,,India,,,,,,,
Jonardon,,Goswami,,,,,,,,,Sinaki,,,,,Imported on 09/05 ::: * myContacts,,,,,Mobile,+919101929657,,,Home,"Guwahati, Kamrup Metro, India",,Guwahati,,Kamrup Metro,,India,,,,,,,
Jonison,,Dailagajao,,,,,,Jonison Sir Bihpuria College Bihpuria College,,Bihpuria College,Professor,,,,,Imported on 09/05 ::: * myContacts,,,,,Mobile,+91 86382 28696,Mobile,+91 88224 77543,Home,"Bihpuria, Lakhimpur, India",,Bihpuria,,Lakhimpur,,India,,,,,,,
Jugen,,Kalita,,,,,,,,Gauhati University (GU),Professor,,,,,Imported on 09/05 ::: * myContacts,,,,,Mobile,+91 86383 22757,Mobile,94350 83544,Home,"Guwahati, Kamrup Metro, India",,Guwahati,,Kamrup Metro,,India,,,,,,,
Juicy,,Patir,,,,,,,,Rajiv Gandhi University (RGU),Class-Mate,,,,,Imported on 09/05 ::: * myContacts,,,,,Mobile,+9101940829,Mobile,+91 91019 40829,Home,"Dhemaji, Dhemaji, India",,Dhemaji,,Dhemaji,,India,,,,,,,
Julu,,,,,,,,,,,,,,,,Imported on 09/05 ::: * myContacts,,,,,Mobile,60030 61169,,,Home,"Baliporia Gaon, Rangachakua, Sonitpur, India",Baliporia Gaon,Rangachakua,,Sonitpur,,India,,,,,,,
Jumi,,Baa,,,,,,Jumi Baa,,Rajiv Gandhi University (RGU),Senior,,,,,Imported on 09/05 ::: * myContacts,,,,,Mobile,+918486433246,,,Home,"Darrang, India",,,,Darrang,,India,,,,,,,
Junmoni,,Das,,,,,,,,Rajiv Gandhi University (RGU),Senior,,,,,Imported on 09/05 ::: Female ::: * myContacts,,,,,Mobile,+91 84748 37157,Mobile,+91 86384 68938,Home,"Dhemaji, Dhemaji, India",,Dhemaji,,Dhemaji,,India,,,,,,,
Juri Gogoi,,,,,,,,,,Madhabdev University (MDU),Class-Mate,,,,,Imported on 09/05 ::: * myContacts,,,,,Mobile,60022 41887,Mobile,+918721815764,Home,"Dhemaji, Dhemaji, India",,Dhemaji,,Dhemaji,,India,,,,,,,
Jushmita,,Hazarika,,,,,,,,Rajiv Gandhi University (RGU),Batch-Mate,,,,,Imported on 09/05 ::: * myContacts,,,,,Mobile,+91 60019 81407,,,Home,"Narayanpur, Lakhimpur, India",,Narayanpur,,Lakhimpur,,India,,,,,,,
Jyoti,,Bordoloi,,,,,,,,,Neighbour,,,,,Imported on 09/05 ::: * myContacts,,,,,Mobile,7002 264 097,,,Home,"Rangachakua, Rangachakua, Sonitpur, India",Rangachakua,Rangachakua,,Sonitpur,,India,,,,,,,
Jyoti,,Medhi,,,,,,,,,,,,,,Imported on 09/05 ::: * myContacts,,,,,Mobile,+919871874880,,,Home,"Baliporia Gaon, Rangachakua, Sonitpur, India",Baliporia Gaon,Rangachakua,,Sonitpur,,India,,,,,,,
Jyotishman,,Baruah,,,,,,,,Tyagbir Hem Baruah College (THB),Class-Mate,,,,https://lh3.googleusercontent.com/contacts/AG6tpzG70wOS6QlKmPbtSVP-DV82VpZr-PMV163naLg0Kf9D4NFbWgNP,Imported on 09/05 ::: * myContacts,,,,,Mobile,+91 70021 54843,Mobile,+918751898481,Home,"Sangia Major Suk, Jamugurihat, Sonitpur, India",Sangia Major Suk,Jamugurihat,,Sonitpur,,India,,,,,,Photo,https://lh3.googleusercontent.com/contacts/AG6tpzG70wOS6QlKmPbtSVP-DV82VpZr-PMV163naLg0Kf9D4NFbWgNP
Jyotishmita,,Das,,,,,,,,Nagaon University,Professor,,,,,* myContacts,,,,,Mobile,+918720905024,Mobile,+917002542736,Home,"Nagaon, Nagaon, India",,Nagaon,,Nagaon,,India,,,,,,,
Jyotishmoi,,Bhuyan,,,,,,,,"Madhabdev University (MDU), Madhabdev University (MDU)","Student, Hostel-Mate",,,,,Imported on 09/05 ::: * myContacts,,,,,Mobile,93950 14478,,,Home,"Lakhimpur, India",,,,Lakhimpur,,India,,,,,,,
Kaberi,Kachari,Rajkonwar,,,,,,,,Mejankori,,,,,,Imported on 09/05 ::: Female ::: * myContacts,,,,,WhatsApp,+91 70026 39396,,,,,,,,,,,,,,,,,
Kajol,,,,,,,,,,Madhabdev University (MDU),Student,,,,,Imported on 09/05 ::: * myContacts,,,,,Mobile,88223 47432,,,Home,"Narayanpur, Lakhimpur, India",,Narayanpur,,Lakhimpur,,India,,,,,,,
Kamal,,Kashyap,,,,,,,,,,,,,,Imported on 09/05 ::: * myContacts,,,,,Mobile,70020 18182,Work,+91 84865 35692,Home,"Guwahati, Kamrup Metro, India",,Guwahati,,Kamrup Metro,,India,,,,,,,
Kangkana,,Sarma,,,,,,,,University Of Science And Technology Meghalaya (USTM),Neighbour,,,,,Imported on 09/05 ::: * myContacts,,,,,Other,+91 94293 89811,Mobile,+916002293186,Home,"Rangachakua, Sonitpur, India",,Rangachakua,,Sonitpur,,India,,,,,,Photo,https://lh3.googleusercontent.com/contacts/AG6tpzFWxTo8rHJYEacmZ31F2P8PaGOK6Y9C8ksNTPlIwHk1NwFggOn_
Kangkan(কংকণ),,,,,,,,,,,"Relative, Vindeu",,,,,Imported on 09/05 ::: * myContacts,,,,,Mobile,+91 70023 25133,Mobile,+91 87230 02321,Home,"Gohpur, Biswanath, India",,Gohpur,,Biswanath,,India,,,,,,,
Kangkanjyoti,,Bhattacharya Slovakia,,,,,,,,,PhD Scholar,,,,,Imported on 09/05 ::: * myContacts,,,,,Mobile,+421950729991,,,Home,Slovakia,,,,,,Slovakia,,,,,,,
Kanu,,Das,,,,,,,,,,,,,,Imported on 09/05 ::: * myContacts,,,,,Mobile,+91 70021 41529,,,Home,"Baliporia Gaon, Rangachakua, Sonitpur, India",Baliporia Gaon,Rangachakua,,Sonitpur,,India,,,,,,,
Karabi,,Kalita,,,,,,,,Darrang College (DGCD),Class-Mate,,,,,Imported on 09/05 ::: * myContacts,* ,karabipookieboo21@gmail.com,,,Mobile,+917086103800,,,Home,"Parua, Tezpur, Sonitpur, India",Parua,Tezpur,,Sonitpur,,India,,,,,,,
Karuna,,Chetry,,,,,,,,"Darrang College (DGCD), RHSS",Batch-Mate,,,,,Imported on 09/05 ::: * myContacts,,,,,Mobile,+917086396285,Mobile,+917086396285,Home,"Morisuti, Rangachakua, Sonitpur, India",Morisuti,Rangachakua,,Sonitpur,,India,,,,,,,
Karuna,,Papa,,,,,,,,,,,,,,Imported on 09/05 ::: * myContacts,,,,,Mobile,+919401290466,,,Home,"Morisuti, Rangachakua, Sonitpur, India",Morisuti,Rangachakua,,Sonitpur,,India,,,,,,,
Milan,,Chetry,,,,,,,,Darrang College (DGCD),"Neighbour, Sinaki",,,,,Imported on 09/05 ::: * myContacts,,,,,Mobile,+91 80114 48484,,,Home,"Morisuti, Rangachakua, Sonitpur, India",Morisuti,Rangachakua,,Sonitpur,,India,,,,,,,
Kasturika,,Saikia,,,,,,,,Tyagbir Hem Baruah College (THB),Class-Mate,,,Additional phones: +91 80112 18132,,Imported on 09/05 ::: * myContacts,,,,,Mobile,+918751985652,Work,60007 90474,Home,"Sootea, Biswanath, India",,Sootea,,Biswanath,,India,,,,,,,
Kaushik,,DTO Rajiv,,,,,,,,"DTO, Transport Department",Sinaki,,,,,* myContacts,,,,,Mobile,+918638090904,,,Home,"Nagsankar, Sootea, Biswanath, India",Nagsankar,Sootea,,Biswanath,,India,,,,,,,
Kaushik Nandan Baruah,,Baruah,,,,,,,,Facebook,"Sinaki, Literature",,,,,Imported on 09/05 ::: * myContacts,,,,,Mobile,+918399927540,Mobile,+919864836718,Home,"Nagaon, Nagaon, India",,Nagaon,,Nagaon,,India,,,,,,,
Kaushik,,Tez,,,,,,,,Darrang College (DGCD),Junior,,,,,Imported on 09/05 ::: * myContacts,,,,,Mobile,+918471965827,Mobile,847-196-5827,Home,"Tezpur, Sonitpur, India",,Tezpur,,Sonitpur,,India,,,,,,,
Khagen,,Agripam,,,,,,,,Flood,,,,,,* myContacts,,,,,Mobile,+918822089063,,,Home,"Agripam, Rangachakua, Sonitpur, India",Agripam,Rangachakua,,Sonitpur,,India,,,,,,,
Khemraj,,Biswakarma,,,,,,,,Gupsar AIR Force,,,,,,* myContacts,,,,,Mobile,+917303025068,Mobile,+919186157753,Home,"Morisuti, Gupsar, Rangachakua, Sonitpur, India","Morisuti, Gupsar",Rangachakua,,Sonitpur,,India,,,,,,,
Kishor,,Da,,,,,,,,,Sinaki,,,,,Imported on 09/05 ::: * myContacts,,,,,Mobile,+91 91014 23750,,,Home,"Balijuri, Rangachakua, Biswanath, India",Balijuri,Rangachakua,,Biswanath,,India,,,,,,,
Koushik,,Kishalay,,,,,,,,,Sinaki,,,,,Imported on 09/05 ::: * myContacts,,,,,Mobile,+917575999750,,,Home,"Golaghat, India",,,,Golaghat,,India,,,,,,,
Kranti Sagar,,Grant,,,,,,,,,,,,,,Imported on 09/05 ::: * myContacts,,,,,Mobile,+91 99605 29307,,,Home,India,,,,,,India,,,,,,,
Krishna,,Devi,,,,,,,,Tyagbir Hem Baruah College (THB),Class-Mate,,,,,Imported on 09/05 ::: * myContacts,,,,,Mobile,75760 51660,,,Home,"Dhalaibil, Jamugurihat, Sonitpur, India",Dhalaibil,Jamugurihat,,Sonitpur,,India,,,,,,,
Krishna,,Kalita,,,,,,,,Deuta Logor,,,,,,Imported on 09/05 ::: * myContacts,,,,,Mobile,+918471824615,,,Home,"Rangachakua, Rangachakua, Sonitpur, India",Rangachakua,Rangachakua,,Sonitpur,,India,,,,,,,
Krishna,,Pandey,,,,,,,,,Sinaki,,,Additional phones: +919126479616,,Imported on 09/05 ::: * myContacts,,,,,Mobile,+61439163356,Mobile,+918638052457,Home,"Khakanbasti, Rangachakua, Sonitpur, Australia",Khakanbasti,Rangachakua,,Sonitpur,,Australia,,,,,,,
Krishna,,Timsina,,,,,,,,GenOne,Member,,,,,* myContacts,,,,,Mobile,+919707713324,,,Home,"Rangachakua, Mandir, Rangachakua, Sonitpur, India","Rangachakua, Mandir",Rangachakua,,Sonitpur,,India,,,,,,,
Krishnakhi,,Baruah Psychologist,,,,,,,,,,,,,,* myContacts,,,,,Mobile,+918486131474,,,Home,India,,,,,,India,,,,,,,
Kuhi,,Neha,,,,,,,,Tyagbir Hem Baruah College (THB),Colleague,,,,,Imported on 09/05 ::: * myContacts,,,,,Mobile,+91 87219 92643,,,Home,"Kusumtula, Jamugurihat, Sonitpur, India",Kusumtula,Jamugurihat,,Sonitpur,,India,,,,,,,
Kuldip,,Sharma,,,,,,,,Gauhati University (GU),"Professor, Sinaki",,,,,Imported on 09/05 ::: * myContacts,,,,,Mobile,+91 81340 30365,,,Home,"Guwahati, Kamrup Metro, India",,Guwahati,,Kamrup Metro,,India,,,,,,,
Lahon,,Sir Ahom,,,,,,Lahon Sir Ahom,,,,,,,,Imported on 09/05 ::: * myContacts,,,,,Mobile,91011 42668,,,Home,India,,,,,,India,,,,,,,
Lakhi,,Da,,,,,,Lakhi Da Jio,,,Neighbour,,,,https://lh3.googleusercontent.com/contacts/AG6tpzErJI33RN_TLGTRa4s2XlU-e92TtwM6ae7DxcyZrZ3SVPUH1KCS,Imported on 09/05 ::: * myContacts,,,,,Mobile,+918399061026,Mobile,+917002938439,Home,"Charipukhuri, Rangachakua, Sonitpur, India",Charipukhuri,Rangachakua,,Sonitpur,,India,,,,,,Photo,https://lh3.googleusercontent.com/contacts/AG6tpzErJI33RN_TLGTRa4s2XlU-e92TtwM6ae7DxcyZrZ3SVPUH1KCS
Lalji Sir,,Ifas Pune,,,,,,Lalji Sir IFAS Pune,,,,,,,,Imported on 09/05 ::: * myContacts,,,,,Mobile,+91 86899 22021,,,,,,,,,,,,,,,,,
Lalramdinthara,,Chenkual RDA MZU,,,,,,,,,,,,,,* myContacts,,,,,Mobile,+918974171762,,,,,,,,,,,,,,,,,
Lalramdinthara,,Chenkual RDA MZU,,,,,,,,,,,,,,* myContacts,,,,,Mobile,+918974171762,,,,,,,,,,,,,,,,,
Langtuk,,Prahjyotish College AP,,,,,,,,,,,,,,Imported on 09/05 ::: * myContacts,,,,,Mobile,+917399534519,Mobile,+91 70027 77314,Home,"Guwahati, Karbi Anglong, India",,Guwahati,,Karbi Anglong,,India,,,,,,,
Latika,,Hazarika,,,,,,,,Madhabdev University (MDU),"Professor, Teacher",,,,,Imported on 09/05 ::: * myContacts,,,,,Mobile,+916003475740,,,Home,"Narayanpur, Lakhimpur, India",,Narayanpur,,Lakhimpur,,India,,,,,,,
Lima,,Hazarika,,,,,,,,Assam Don Bosco University,,,,,,Imported on 09/05 ::: Special ::: * myContacts,,,,,Mobile,+91 88110 94122,,,,,,,,,,,,,,,,,
Limpon,,Bora,,,,,,,,,,,,,,Imported on 09/05 ::: * myContacts,,,,,Mobile,+918811016550,,,,,,,,,,,,,,,,,
Limpon,,Borah,,,,,,,,Madhabdev University (MDU),,,,,,Imported on 09/05 ::: * myContacts,,,,,Mobile,+917399356755,,,,,,,,,,,,,,,,,
Linton,,Gogoi,,,,,,,,Madhabdev University (MDU),"Student, Hostel-Mate",,,,,Imported on 09/05 ::: * myContacts,,,,,Mobile,+917637017918,,,Home,"Dhemaji, Dhemaji, India",,Dhemaji,,Dhemaji,,India,,,,,,,
Lipika Baa,(dhurba,Da),,,,,,Lipika baa (dhurba Da),,,Shivsagar Flood,,,,,* myContacts,,,,,Phone,+919954435305,,,,,,,,,,,,,,,,,
Lizzie,,,,,,,,,,Tyagbir Hem Baruah College (THB),"Relative, Sinaki",,,,,Imported on 09/05 ::: * myContacts,,,,,Mobile,84866 07089,,,Home,"Kusumtula, Jamugurihat, Sonitpur, India",Kusumtula,Jamugurihat,,Sonitpur,,India,,,,,,,
Lucky,,Shikha Sharma,,,,,,,,,,,,,,* myContacts,,,,,Mobile,+918135967097,,,,,,,,,,,,,,,,,
Luhit,,Dahal Panpur,,,,,,,,Tyagbir Hem Baruah College (THB),Class-Mate,,,,,Imported on 09/05 ::: * myContacts,,,,,Mobile,+918472973627,,,Home,"Panpur, Jamugurihat, Sonitpur, India",Panpur,Jamugurihat,,Sonitpur,,India,,,,,,,
Luna,,Nath,,,,,,,,,"Sinaki, Relative",,,,,Imported on 09/05 ::: * myContacts,,,,,Mobile,+917576077410,Mobile,+91 60008 23191,Home,"Hatinga, Rangachakua, Sonitpur, India",Hatinga,Rangachakua,,Sonitpur,,India,,,,,,,
Luyum Semion,,Narah,,,,,,,,,Neighbour,,,,,* myContacts,,,,,Mobile,+919972441394,,,Home,"Rangachakua, Sonitpur, India",,Rangachakua,,Sonitpur,,India,,,,,,,
Am,,Chetry,,,,,,,,Electrician,,,,,,* myContacts,,,,,Mobile,7005207414,,,Home,"Morisuti, Rangachakua, Sonitpur, India",Morisuti,Rangachakua,,Sonitpur,,India,,,,,,,
MAA,,,,,,,,MAA,,,,,,,https://lh3.googleusercontent.com/contacts/AG6tpzHGiXDLfy-8EQ5E9Z0-3I2Cn7X0CgacT7da1AdYTSapn0Vn5od9,Imported on 09/05 ::: Female ::: * family ::: * myContacts ::: * starred,,,,,Mobile,+917896660508,,,,,,,,,,,,,,,,Photo,https://lh3.googleusercontent.com/contacts/AG6tpzHGiXDLfy-8EQ5E9Z0-3I2Cn7X0CgacT7da1AdYTSapn0Vn5od9
Maamon,,Shivsagar,,,,,,,,DAS,"Relative, Sister",,,,,Imported on 09/05 ::: * myContacts,,,,,Mobile,+91 99576 08381,,,Home,"Moran, Sivasagar, Sivasagar, India",Moran,Sivasagar,,Sivasagar,,India,,,,,,,
Madan Basnet,,,,,,,,,,,,,,,,Imported on 09/05 ::: * myContacts,,,,,Mobile,84029 56554,,,Home,"Nodir Par, Rangachakua, Sonitpur, India",Nodir Par,Rangachakua,,Sonitpur,,India,,,,,,,
Madhavdev,,Mahanta,,,,,,,,Madhupur Satra,Sinaki,,,,,Imported on 09/05 ::: * myContacts,,,,,Mobile,+916294843370,,,Home,"Guwahati, Nagaon, India",,Guwahati,,Nagaon,,India,,,,,,,
Madhuriya,,,,,,,,,,Tocklai Tea Research Institute,,,,,,Imported on 09/05 ::: * myContacts,,,,,Mobile,+917099308763,,,,,,,,,,,,,,,,,
Madhurjya,,,,,,,,,,,Student,,,,,Imported on 09/05 ::: * myContacts,,,,,Mobile,+919395856451,,,,,,,,,,,,,,,,,
Madhurjya,,Lab,,,,,,,,Tocklai Tea Research Institute,Colleague,,,,,Imported on 09/05 ::: * myContacts,,,,,Mobile,+91 80118 08270,,,Home,"Jorhat, Jorhat, India",,Jorhat,,Jorhat,,India,,,,,,,
Mahendra,,Biswakarma,,,,,,,,Ashok Laylend,,,,,,* myContacts,,,,,Mobile,+918811011962,,,Home,"Gupsar, Morisuti, Rangachakua, Sonitpur, India","Gupsar, Morisuti",Rangachakua,,Sonitpur,,India,,,,,,,
Mahesh,,Balijuri,,,,,,,,Bangaigaon College,"Professor, Sinaki",,,,,Imported on 09/05 ::: * myContacts,,,,,Mobile,+91 91264 37556,,,Home,"Balijuri, Rangachakua, Biswanath, India",Balijuri,Rangachakua,,Biswanath,,India,,,,,,,
Maina,,Lekha,,,,,,,,DAS,"Relative, Sister",,,,https://lh3.googleusercontent.com/contacts/AG6tpzEGKclDgL5GcWzM8tCGRagnMv1O83Fv8cAcMHVTp2H7lB4FIsQX,Imported on 09/05 ::: * myContacts,* Home,lakhamoni1993@gmail.com,,,Mobile,+919101270447,,,Home,"Rangachakua, Rangachakua, Sonitpur, India",Rangachakua,Rangachakua,,Sonitpur,,India,,,,,,Photo,https://lh3.googleusercontent.com/contacts/AG6tpzEGKclDgL5GcWzM8tCGRagnMv1O83Fv8cAcMHVTp2H7lB4FIsQX
Mainu,,Keot,,,,,,Mainu Ba,,,Neighbour,,,,,Imported on 09/05 ::: * myContacts,,,,,Mobile,+919954454026,,,Home,"Nagsankar, Sootea, Biswanath, India",Nagsankar,Sootea,,Biswanath,,India,,,,,,,
Mainu Ba,,Vindeu,,,,,,Mainu Ba Vindeu,,,,,,,,Imported on 09/05 ::: * myContacts,,,,,Mobile,+91 84020 56594,,,Home,"Nagsankar, Sootea, Biswanath, India",Nagsankar,Sootea,,Biswanath,,India,,,,,,,
Mainu,,Saikia,,,,,,,,Bank,Neighbour,,,,,* myContacts,,,,,Mobile,+919954627661,,,Home,"Rangachakua, Rangachakua, Sonitpur, India",Rangachakua,Rangachakua,,Sonitpur,,India,,,,,,,
Makhan,Tamuli,Sir,,,,,,Makhan Tamuli Sir,,Madhavdev University,,,,,,Imported on 09/05 ::: * myContacts,,,,,Mobile,+91 88128 48531,,,,,,,,,,,,,,,,,
Mala,,,,,,,,,,Apsc,Sinaki,,,,,* myContacts,,,,,Mobile,+916001835545,,,Home,"Jorhat, Jorhat, India",,Jorhat,,Jorhat,,India,,,,,,,
Malobika,,Mam,,,,,,Malobika Mam,,Darrang College (DGCD),"Professor, Teacher",,,,,Imported on 09/05 ::: Sir ::: * myContacts,,,,,Mobile,70022 42316,,,Home,"Gharpara Chuburi, Tezpur, Sonitpur, India",Gharpara Chuburi,Tezpur,,Sonitpur,,India,,,,,,,
Mami,,Raktav,,,,,,,,,"Sinaki, Relative",,,,,Imported on 09/05 ::: * myContacts,,,,,Mobile,91010 05942,,,Home,"Sootea, Sootea, Biswanath, India",Sootea,Sootea,,Biswanath,,India,,,,,,,
Mamon,Deta,Sivsagar,,,,,,,,,,,,,,* myContacts,,,,,Mobile,+919957608381,,,Home,India,,,,,,India,,,,,,,
Mamun Ba,,Rijurani,,,,,,Mamun Ba Rijurani,,DAS,"Relative, Sister",,,,,Imported on 09/05 ::: * myContacts,,,,,Mobile,+91 94351 80795,Mobile,+91 70022 76722,Home,"Guwahati, Kamrup Metro, India",,Guwahati,,Kamrup Metro,,India,,,,,,,
Ruma (Mamun),,Keot,,,,,,Mamun Baa,,,Neighbour,,,,,Imported on 09/05 ::: * myContacts,,,,,Mobile,+91 96781 71795,Mobile,+917099083469,Home,"Charipukhuri, Rangachakua, Sonitpur, India",Charipukhuri,Rangachakua,,Sonitpur,,India,,,,,,,
Manalisha,,Baa (Bikram),,,,,,Manalisha Baa (Bikram),,Gauhati University (GU),PhD Scholar,,,,,Imported on 09/05 ::: * myContacts,,,,,Mobile,+919613631286,Mobile,+91 91011 95372,Home,"Kusumtula, Jamugurihat, Sonitpur, India",Kusumtula,Jamugurihat,,Sonitpur,,India,,,,,,,
Manisha,,Baa,,,,,,Manisha Baa GU Post Doc,,Gauhati University (GU),Postdoctoral Researcher,,,,,Imported on 09/05 ::: * myContacts,,,,,Mobile,+91 91760 63818,,,Home,"Guwahati, Kamrup Metro, India",,Guwahati,,Kamrup Metro,,India,,,,,,,
Manjil,,Xoru Maina,,,,,,,,,Relative,,,,,Imported on 09/05 ::: * myContacts,,,,,Mobile,+91 60035 03371,,,Home,"Hatinga, Rangachakua, Sonitpur, India",Hatinga,Rangachakua,,Sonitpur,,India,,,,,,,
Manjula,,Uprety,,,,,,,,Gupsor,,,,,,* myContacts,,,,,Mobile,+916003425817,,,Home,"Morisuti, Gupsar, Rangachakua, Sonitpur, India","Morisuti, Gupsar",Rangachakua,,Sonitpur,,India,,,,,,,
Manoj,,Debate,,,,,,,,,Sinaki,,,,https://lh3.googleusercontent.com/contacts/AG6tpzFp_AYlExNo5p9oXjMi8kRW0gpfHAaaOayEiLAkzPEiH3vGophg,Imported on 09/05 ::: * myContacts,,,,,Mobile,+91 84739 58998,Mobile,+919957248128,Home,"Bhugpur, Narayanpur, Lakhimpur, India",Bhugpur,Narayanpur,,Lakhimpur,,India,,,,,,Photo,https://lh3.googleusercontent.com/contacts/AG6tpzFp_AYlExNo5p9oXjMi8kRW0gpfHAaaOayEiLAkzPEiH3vGophg
Manoj Kr,Bhorali,Bharali,,,,Dr.,,Manoj Kr Bhorali Sir,,"Rajiv Gandhi University (RGU), Gauhati University (GU)","Teacher, Professor",,,,,Imported on 09/05 ::: * myContacts,,,,,Home,+91 94362 23708,,,Home,"Guwahati, Kamrup Metro, India",,Guwahati,,Kamrup Metro,,India,,,,,,,
Manoranjan,,Chutiya,,,,,,,,Rajiv Gandhi University (RGU),Batch-Mate,,,,,Imported on 09/05 ::: * myContacts,,,,,Mobile,+917002211270,,,Home,"Gogamukh, Dhemaji, Dhemaji, India",Gogamukh,Dhemaji,,Dhemaji,,India,,,,,,,
Manowar,,/arrif,,,,,,,,GYM,Gym-Mate,,,,,Imported on 09/05 ::: * myContacts,,,,,Mobile,+91 93657 37892,,,Home,"Soibari, Jamugurihat, Sonitpur, India",Soibari,Jamugurihat,,Sonitpur,,India,,,,,,,
Masuddul,,,,,,,,,,Madhabdev University (MDU),Class-Mate,,,,,Imported on 09/05 ::: * myContacts,,,,,Mobile,+917002187932,,,Home,"Golaghat, India",,,,Golaghat,,India,,,,,,,
Mayur,,Borah,,,,,,,,Literature,Literature,,,,,Imported on 09/05 ::: Special ::: * myContacts,,,,,Mobile,9435052282,,,Home,India,,,,,,India,,,,,,,
Mayuri,,Saikia,,,,,,,,"Madhabdev University (MDU), Tyagbir Hem Baruah College (THB)",Student,Education,,,,Imported on 09/05 ::: * myContacts,,,,,Mobile,+919014902451,Mobile,+91 93650 54711,Home,"Nagsankar, Biswanath, India",Nagsankar,,,Biswanath,,India,,,,,,,
Mayushree,,Borah,,,,,,,,Madhabdev University (MDU),Student,,,,,Imported on 09/05 ::: * myContacts,,,,,Mobile,+916003420295,,,Home,"Xandohkhuwa, Bihpuria, Lakhimpur, India",Xandohkhuwa,Bihpuria,,Lakhimpur,,India,,,,,,,
MD,,Chakraborty,,,,,,,,MZU,PhD Scholar,,,Additional phones: +919101486377,,Imported on 09/05 ::: * myContacts,,,,,Mobile,+918473089949,Mobile,+918473089949,Home,"Guwahati, Goalpara, India",,Guwahati,,Goalpara,,India,,,,,,,
Medini,,Mohan Gogoi,,,,,,,,Tai Dibrugarh,"PhD Scholar, Professor",,,,,Imported on 09/05 ::: * myContacts,,,,,Mobile,+918473874079,,,Home,"Dibrugarh, Dibrugarh, India",,Dibrugarh,,Dibrugarh,,India,,,,,,,
Megha,,Upadhyay,,,,,,,,RHSS,Class-Mate,,,Additional phones: +91 75760 01142,,Imported on 09/05 ::: * myContacts,,,,,Mobile,+917035366399,Mobile,+917035366399,Home,"Jamugurihat, Sonitpur, India",,Jamugurihat,,Sonitpur,,India,,,,,,,
Mintu,,Pathak,,,,,,,,,Neighbour,,,,,* myContacts,,,,,Mobile,+918453120299,,,Home,"Charipukhuri, Rangachakua, Sonitpur, India",Charipukhuri,Rangachakua,,Sonitpur,,India,,,,,,,
Mridushman (Mithu),,Das,,,,,,Mithu Da,,DAS,"Relative, Brother",,,,,Imported on 09/05 ::: * myContacts,,,,,Mobile,+91 95607 97588,,,Home,"Guwahati, Kamrup Metro, United Arab Emirates",,Guwahati,,Kamrup Metro,,United Arab Emirates,,,,,,,
Mohan Da Borta,,Taubhanga,,,,,,Mohan Da Borta Taubhanga,,,,,,,,* myContacts,,,,,Mobile,+918638799961,,,,,,,,,,,,,,,,,
Mohan,,Millk,,,,,,,,,,,,,,Imported on 09/05 ::: * myContacts,,,,,Mobile,9401075176,Mobile,+91 80113 23059,,,,,,,,,,,,,,,
Mohan,Pathak,Da,,,,,,Mohan Pathak Da Jio,,Rajiv Gandhi University (RGU),Senior,,,,,Imported on 09/05 ::: * myContacts,* ,mohanpathak770@gmail.com,,,Mobile,+916000679520,Mobile,+916000679520,Home,"Toubhanga, Rangachakua, Sonitpur, India",Toubhanga,Rangachakua,,Sonitpur,,India,,,,,,,
Mokhtar,Hussain,Darrang,,,,,,,,Cold Storage,,,,,,* myContacts,,,,,Mobile,+918720928780,,,,,,,,,,,,,,,,,
Monalisa,,,,,,,,,,Happy Soul,,,,,,Imported on 09/05 ::: * myContacts,,,,,Mobile,+918638211455,Mobile,+917099010870,Home,"2 No. Batamari, Rangachakua, Sonitpur, India",2 No. Batamari,Rangachakua,,Sonitpur,,India,,,,,,,
Mondeep,,Bhumeez,,,,,,,,Darrang College (DGCD),Batch-Mate,,,"Additional phones: 840-385-6642, 840-385-6642, +917086303837",,Imported on 09/05 ::: * myContacts,,,,,Mobile,8403856642,Mobile,+918403856642,Home,India,,,,,,India,,,,,,,
Mondip,,Das,,,,,,,,DAS,"Relative, Brother, Neighbour",,,,,Imported on 09/05 ::: * myContacts,,,,,Phone,+91 91019 40386,,,Home,"2 No. Batamari, Rangachakua, Sonitpur, India",2 No. Batamari,Rangachakua,,Sonitpur,,India,,,,,,,
Moni,,Ba,,,,,,Moni Ba Guwahati,,DAS,Relative,,,,,Imported on 09/05 ::: Female ::: * family ::: * myContacts,,,,,Mobile,+91 82540 02575,,,Home,"Guwahati, Kamrup Metro, India",,Guwahati,,Kamrup Metro,,India,,,,,,,
Moni,,Bhunya,,,,,,,,,Neighbour,,,,,* myContacts,,,,,Mobile,9435817027,,,Home,"Charipukhuri, Rangachakua, Sonitpur, India",Charipukhuri,Rangachakua,,Sonitpur,,India,,,,,,,
Moni Bou,,Bap Da,,,,,,Moni Bou Bap da,,DAS,"Neighbour, Relative",,,,,Imported on 09/05 ::: * myContacts,,,,,Mobile,+91 60036 75588,,,Home,"2 No. Batamari, Rangachakua, Sonitpur, India",2 No. Batamari,Rangachakua,,Sonitpur,,India,,,,,,,
Monisha,,Mam,,,,,,Monisha Mam,,Tyagbir Hem Baruah College (THB),"Student, Professor, Teacher, Colleague",,,,,Imported on 09/05 ::: Female ::: Sir ::: * myContacts,,,,,Mobile,94352 75002,Mobile,+91 70025 35415,Home,"Tezpur, Sonitpur, India",,Tezpur,,Sonitpur,,India,,,,,,,
Monjit,Bora,Wifi,,,,,,,,Bharti Airtel,,,,,,* myContacts,,,,,Mobile,+917670006666,,,,,,,,,,,,,,,,,
Monraj,,Pawe,,,,,,,,Madhabdev University (MDU),Student,,,,,Imported on 09/05 ::: * myContacts,,,,,Mobile,+917002214947,,,Home,"Mirigaon, Narayanpur, Lakhimpur, India",Mirigaon,Narayanpur,,Lakhimpur,,India,,,,,,,
Montu,,Daaa,,,,,,,,,Relative,,,,,Imported on 09/05 ::: * myContacts,,,,,Mobile,+91 84739 71447,Mobile,+919678705731,Home,"Bajargaon, Tezpur, Sonitpur, India",Bajargaon,Tezpur,,Sonitpur,,India,,,,,,,
Morangor,,Manuhjoni,,,,,,,,Rajiv Gandhi University (RGU),Batch-Mate,,,,,Imported on 09/05 ::: * myContacts,,,,,Mobile,86383 96448,,,Home,"Bihpuria, Narayanpur, Lakhimpur, India",,"Bihpuria, Narayanpur",,Lakhimpur,,India,,,,,,,
Mozammel,,Facebook,,,,,,,,Facebook,Sinaki,,,,,Imported on 09/05 ::: * myContacts,,,,,Mobile,+918486433889,,,Home,"Barpeta, Barpeta, India",,Barpeta,,Barpeta,,India,,,,,,,
Mr,,Biologist,,,,,,,,,,,,,,Imported on 09/05 ::: * myContacts,,,,,Mobile,+918822616077,,,Home,"Guwahati, Assam, India",,Guwahati,,Assam,,India,,,,,,,
Mridul,,Haloi,,,,,,,,Darrang College (DGCD),Batch-Mate,,,,,Imported on 09/05 ::: * myContacts,,,,,Mobile,+916000484353,,,Home,India,,,,,,India,,,,,,,
Mridul Khura,,Tupia,,,,,,Mridul Khura Tupia,,Deuta Sinaki,Sinaki,,,,,Imported on 09/05 ::: * myContacts,,,,,Mobile,936-504-9212,Mobile,936-504-9212,Home,"Tupia, Jamugurihat, Sonitpur, India",Tupia,Jamugurihat,,Sonitpur,,India,,,,,,,
Mridupabanb,,Baruti,,,,,,,,Darrang College (DGCD),Senior,,,,,Imported on 09/05 ::: * myContacts,,,,,Mobile,+918638516003,Mobile,+919394496080,Home,"Barhampur, Jamugurihat, Sonitpur, India",Barhampur,Jamugurihat,,Sonitpur,,India,,,,,,,
Mridusmita,,,,,,,,,,Tyagbir Hem Baruah College (THB),Student,,,,,Imported on 09/05 ::: * myContacts,,,,,Mobile,+91 88221 54649,,,Home,"Jamugurihat, Sonitpur, India",,Jamugurihat,,Sonitpur,,India,,,,,,,
Mrigakshi,,Saikia,,,,,,,,Tyagbir Hem Baruah College (THB),Batch-Mate,,,,,Imported on 09/05 ::: * myContacts,,,,,Mobile,+91 60022 58202,Mobile,97067 74206,Home,"Saikia Chuburi, Tezpur, Sonitpur, India",Saikia Chuburi,Tezpur,,Sonitpur,,India,,,,,,,
Mrigalshi,,Father,,,,,,,,,,,,,,Imported on 09/05 ::: * myContacts,,,,,Mobile,+91 60016 96922,,,Home,"Saikia Chuburi, Tezpur, Sonitpur, India",Saikia Chuburi,Tezpur,,Sonitpur,,India,,,,,,,
Mrinmoy Baahi,,,,,,,,,,Madhabdev University (MDU),Student,,,,,Imported on 09/05 ::: * myContacts,,,,,Mobile,+919707118771,,,Home,"Narayanpur, Lakhimpur, India",,Narayanpur,,Lakhimpur,,India,,,,,,,
Mukesh,,Gautam,,,,,,,,Charipukhuri LP School,Class-Mate,,,,,Imported on 09/05 ::: * myContacts,,,,,Mobile,+918876089939,Mobile,+918876089939,Home,"Charipukhuri, Rangachakua, Sonitpur, India",Charipukhuri,Rangachakua,,Sonitpur,,India,,,,,,,
Mukesh,,Nepal,,,,,,,,,Sinaki,,,,https://lh3.googleusercontent.com/contacts/AG6tpzGFikwA4WX2yUzIfgRQw1Mrq7WOICqA7jXWXK29ozv_sHbOkGoV,Imported on 09/05 ::: * myContacts,,,,,Mobile,+918403842360,Mobile,+918638077405,Home,"Balijuri, Rangachakua, Sonitpur, India",Balijuri,Rangachakua,,Sonitpur,,India,,,,,,Photo,https://lh3.googleusercontent.com/contacts/AG6tpzGFikwA4WX2yUzIfgRQw1Mrq7WOICqA7jXWXK29ozv_sHbOkGoV
Mridushmita (Muni),,Das,,,,,,Muni Ba,,DAS,"Relative, Sister",,,,,Imported on 09/05 ::: * myContacts,,,,,Other,90850 11111,,,Home,"Guwahati, Kamrup Metro, India",,Guwahati,,Kamrup Metro,,India,,,,,,,
Mustafizur,,Rahman,,,,,,,,Darrang College (DGCD),Batch-Mate,,,,,Imported on 09/05 ::: * myContacts,,,,,Mobile,+917662835325,,,Home,India,,,,,,India,,,,,,,
Nandan,,,,,,,,,,Madhabdev University (MDU),Student,,,,,Imported on 09/05 ::: * myContacts,,,,,Mobile,+916000257695,,,Home,"Bihpuria, Lakhimpur, India",,Bihpuria,,Lakhimpur,,India,,,,,,,
Naren Nath,,Morang,,,,,,,,Madhabdev University (MDU),Professor,,,,,Imported on 09/05 ::: * myContacts,,,,,Mobile,78964 39981,,,Home,"Bihpuria, Lakhimpur, India",,Bihpuria,,Lakhimpur,,India,,,,,,,
Narend,,,,,,,,,,Madhabdev University (MDU),,Education,,,,Imported on 09/05 ::: * myContacts,,,,,Mobile,+917896818244,,,,,,,,,,,,,,,,,
Nava,,Sir,,,,,,Nava Sir,,Tyagbir Hem Baruah College (THB),"Teacher, Professor",,,,,Imported on 09/05 ::: * myContacts,,,,,Mobile,+91 98540 20070,,,Home,"Kacharigaon, Sootea, Biswanath, India",Kacharigaon,Sootea,,Biswanath,,India,,,,,,,
Nayan,,Acharya,,,,,,,,Oil Pump,Manager,,,,,* myContacts,,,,,Mobile,+918638915564,,,Home,"Agripam, Rangachakua, Sonitpur, India",Agripam,Rangachakua,,Sonitpur,,India,,,,,,,
Nayan,,Bhuyan Geography,,,,,,,,Tyagbir Hem Baruah College (THB),Professor,,,,,Imported on 09/05 ::: * myContacts,,,,,Mobile,+91 93652 87516,,,Home,"Tupia, Jamugurihat, Sonitpur, India",Tupia,Jamugurihat,,Sonitpur,,India,,,,,,,
Neelakshi,,Chaliha Gogoi,,,,,,,,,,,,,,Imported on 09/05 ::: * myContacts,,,,,Mobile,+919435136327,,,,,,,,,,,,,,,,,
Neelam,,Saha,,,,,,,,Madhabdev University (MDU),Class-Mate,,,,,Imported on 09/05 ::: * myContacts,,,,,Mobile,+917035463605,,,Home,"Bihpuria, Lakhimpur, India",,Bihpuria,,Lakhimpur,,India,,,,,,,
Neeraj,,Borah,,,,,,,,Nagaon University,PhD Scholar,,,,,Imported on 09/05 ::: * myContacts,,,,,Mobile,+918486932588,Mobile,+91 86384 25307,Home,"Nagaon, Nagaon, India",,Nagaon,,Nagaon,,India,,,,,,,
Nichinta,,Deuri,,,,,,,,Madhabdev University (MDU),Student,,,,,Imported on 09/05 ::: * myContacts,,,,,Mobile,+918761928529,,,Home,"Panbari, Narayanpur, Sonitpur, India",Panbari,Narayanpur,,Sonitpur,,India,,,,,,,
Nihar,,,,,,,,,,Darrang College (DGCD),Class-Mate,,,,,Imported on 09/05 ::: * myContacts,,,,,Mobile,+91 88763 45727,,,Home,"Jorhat, Jorhat, India",,Jorhat,,Jorhat,,India,,,,,,,
Nihar,,Adhikari,,,,,,,,Darrang College (DGCD),Class-Mate,,,,https://lh3.googleusercontent.com/contacts/AG6tpzGWD_UlgEMiANDUwAriEQ5XDLPjKMmsDCNqN7c0C9wv01UUHe8N,Imported on 09/05 ::: * myContacts,* ,nihar.adhikari01@gmail.com,,,Other,+91 70024 26413,,,Home,"Jorhat, Jorhat, India",,Jorhat,,Jorhat,,India,,,,Profile,http://www.google.com/profiles/101923543852954906795,Photo,https://lh3.googleusercontent.com/contacts/AG6tpzGWD_UlgEMiANDUwAriEQ5XDLPjKMmsDCNqN7c0C9wv01UUHe8N
Niku,,Duwora,,,,,,,,,,,,,,Imported on 09/05 ::: * myContacts,,,,,Mobile,+916901504052,,,,,,,,,,,,,,,,,
Nimisha (Pamchi),,Neog,,,,,,,,"Madhavdev University, Madhabdev University (MDU)","Professor, Colleague",,,,,Imported on 09/05 ::: * myContacts,,,,,Mobile,78891 45322,Mobile,+91 87539 50905,Home,"Lakhimpur, Lakhimpur, India",,Lakhimpur,,Lakhimpur,,India,,,,,,,
Nipam,,,,,,,,,,"Eureka, GenOne",Owner,,,,,Imported on 09/05 ::: * myContacts,,,,,Mobile,+91 88760 57287,Mobile,+91 93944 95960,Home,"Hatinga, Rangachakua, Sonitpur, India",Hatinga,Rangachakua,,Sonitpur,,India,,,,,,,
Nirav,,PG,,,,,,,,,,,,,,Imported on 09/05 ::: * myContacts,,,,,Mobile,70963 27099,,,Home,"Gujarat, India",,,,Gujarat,,India,,,,,,,
Nironkush,,Nath,,,,,,,,Cpim,,,,,,Imported on 09/05 ::: * myContacts,,,,,Mobile,97060 74094,,,,,,,,,,,,,,,,,
Nisha,,Agarwal,,,,,,,,Madhabdev University (MDU),,,,,,Imported on 09/05 ::: * myContacts,,,,,Mobile,+919706762060,Mobile,+918472911010,,,,,,,,,,,,,,,
Nivedita,,Gsea,,,,,,,,,,,,,,Imported on 09/05 ::: * myContacts,,,,,Mobile,+91 76300 73202,Mobile,+91 87877 79305,,,,,,,,,,,,,,,
Noihrit,,Gogoi,,,,,,Miki,,California University,Sinaki,,,,,Imported on 09/05 ::: * myContacts,,,,,Mobile,88119 05084,,,Home,"Dibrugarh, Dibrugarh, United States",,Dibrugarh,,Dibrugarh,,United States,,Mother,Nilakshi Chaliha Gogoi,,,,
Nongkirla,,Teron,,,,,,,,Thong Nokbe College,General Secretary (GS),,,,,Imported on 09/05 ::: * myContacts,,,,,Mobile,+91 70995 40847,,,Home,"Karbi Anglong, India",,,,Karbi Anglong,,India,,,,,,,
Noor,,Hussain,,,,,,,,"Tyagbir Hem Baruah College (THB), Rajiv Gandhi University (RGU)",Student,,,,,Imported on 09/05 ::: * myContacts,,,,,Mobile,+91 91010 76762,,,Home,"Itakhola, Sonitpur, India",,Itakhola,,Sonitpur,,India,,,,,,,
Om Prakash,,Upadhyay,,,,,,,,Secretariate,Sinaki,,,,,Imported on 09/05 ::: * myContacts,,,,,Mobile,+91 84730 99233,,,Home,"Guwahati, Kamrup Metro, India",,Guwahati,,Kamrup Metro,,India,,,,,,,
Omar,,,,,,,,,,Darrang College (DGCD),Colleague,,,,,* myContacts,,,,,Mobile,+919365874692,,,Home,India,,,,,,India,,,,,,,
P,,Lalthanpuii,,,,,,,,MZU,,,,,,* myContacts,,,,,Mobile,+919862508170,,,Home,"Mizoram, India",,,,Mizoram,,India,,,,,,,
Padma,,Gogoi,,,,,,,,"Maranhat College, Facebook",Sinaki,,,,,Imported on 09/05 ::: * myContacts,,,,,Mobile,73996 56364,,,Home,"Sivasagar, Sivasagar, India",,Sivasagar,,Sivasagar,,India,,,,,,,
Palash,,Boruah,,,,,,,,"Madhabdev University (MDU), Madhabdev University (MDU)","Student, Hostel-Mate",,,,,Imported on 09/05 ::: * myContacts,,,,,Mobile,99573 08578,,,Home,"Laluk, Lakhimpur, India",Laluk,,,Lakhimpur,,India,,,,,,,
Panchi Baa,,Father,,,,,,Panchi Baa Father,,,,,,,,Imported on 09/05 ::: * myContacts,,,,,Mobile,+916002668612,,,Home,India,,,,,,India,,,,,,,
Pankaj,,Darrang,,,,,,,,"Darrang College (DGCD), Gauhati University (GU)",PhD Scholar,,,,,Imported on 09/05 ::: * myContacts,,,,,Mobile,+91 60015 00028,,,Home,"Tezpur, Sonitpur, India",,Tezpur,,Sonitpur,,India,,,,,,,
Parag,,Das,,,,,,,,Rangachakua,Neighbour,,,,,* myContacts,,,,,Mobile,+919181272415,,,Home,"Rangachakua, Rangachakua, Sonitpur, India",Rangachakua,Rangachakua,,Sonitpur,,India,,,,,,,
Parag,Jyoti Neog,Saikia,,,,,,,,Madhabdev University (MDU),Student,,,,,Imported on 09/05 ::: * myContacts,,,,,Mobile,+919394953905,,,Home,"Bhugpur, Narayanpur, Lakhimpur, India",Bhugpur,Narayanpur,,Lakhimpur,,India,,,,,,,
Paragmoni,,Aditya,,,,,,,,Newslive,Journalist,,,,,Imported on 09/05 ::: * myContacts,,,,,Mobile,80110 03305,,,Home,India,,,,,,India,,,,,,,
Partho,,Da,,,,,,Partho Da,,Madhabdev University (MDU),Administration,,,,,Imported on 09/05 ::: * myContacts,,,,,Mobile,+916001016109,,,Home,"Narayanpur, Lakhimpur, India",,Narayanpur,,Lakhimpur,,India,,,,,,,
Phanindra,,Talukdar - (PCCR),,,,,,,,Phanindra Talukdar - Pragjyotish Centre For Cultural Research (PCCR),,,,,,Imported on 09/05 ::: * myContacts,,,,,Mobile,+917086769350,,,,,,,,,,,,,,,,,
Pinky,,Bow,,,,,,,,Mantu,Relative,,,Additional phones: 863-831-5339,,Imported on 09/05 ::: * myContacts,,,,,Mobile,+918638315339,Mobile,+918638315339,Home,"Tezpur, Sonitpur, India",,Tezpur,,Sonitpur,,India,,,,,,,
Pinky,,Gogoi,,,,,,,,"Rajiv Gandhi University (RGU), Tinsukia College","Senior, Professor",,,,,Imported on 09/05 ::: * myContacts,,,,,Mobile,+91 70865 44503,Mobile,+91 75759 14556,Home,"Lakhimpur, Tinsukia, India",,Lakhimpur,,Tinsukia,,India,,,,,,,
Pitambar,,,,,,,,,,Madhabdev University (MDU),Student,,,,,Imported on 09/05 ::: * myContacts,,,,,Mobile,+918088813681,,,Home,"Narayanpur, Lakhimpur, India",,Narayanpur,,Lakhimpur,,India,,,,,,,
Piyush,,Agarwala,,,,,,,,,Doctor,,,,,Imported on 09/05 ::: * myContacts,,,,,Mobile,03712 350 377,Work,+91 86382 14545,Home,"Tezpur, Sonitpur, India",,Tezpur,,Sonitpur,,India,,,,,,,
Plabon,,Kakoti,,,,,,,,Assam Engineering College,Professor,,,,,Imported on 09/05 ::: * myContacts,,,,,Mobile,+919435091413,,,Home,"Guwahati, Kamrup Metro, India",,Guwahati,,Kamrup Metro,,India,,,,,,,
Polasi,,Paro,,,,,,,,RHSS,Class-Mate,,,,,Imported on 09/05 ::: * myContacts,,,,,Mobile,+91 86386 70401,,,Home,"Patgaon, Rangachakua, Sonitpur, India",Patgaon,Rangachakua,,Sonitpur,,India,,,,,,Photo,https://lh3.googleusercontent.com/contacts/AG6tpzH-vo5F3jNrMgh90_4vM-h12wmemJI1tOVbAZvHustwdMh4VoMf
Popi,,,,,,,,,,,Student,,,,,* myContacts,,,,,Mobile,+918453830640,,,Home,"Baliporia Gaon, Rangachakua, Sonitpur, India",Baliporia Gaon,Rangachakua,,Sonitpur,,India,,,,,,,
Prabal,,Hazarika,,,,,,,,,Sinaki,,,,,Imported on 09/05 ::: * myContacts,,,,,Mobile,70026 77807,,,Home,"Sesa Satra, Jamugurihat, Sonitpur, India",Sesa Satra,Jamugurihat,,Sonitpur,,India,,,,,,,
Pradhan Da,,Roommate,,,,,,Pradhan Da Roommate,,Madhabdev University (MDU),Colleague,,,,,Imported on 09/05 ::: * myContacts,,,,,Mobile,+918761075394,,,Home,India,,,,,,India,,,,,,,
Prakash,,Sir,,,,,,Prakash Sir,,RHSS,Teacher,,,,,Imported on 09/05 ::: * myContacts,,,,,Mobile,+91 94352 87966,,,Home,"Khakanbasti, Rangachakua, Sonitpur, India",Khakanbasti,Rangachakua,,Sonitpur,,India,,,,,,,
Pralay,,Bodo,,,,,,,,"RSS, MZU, Iitg",Sinaki,,,,,Imported on 09/05 ::: * myContacts,,,,,Mobile,75768 65806,,,Home,"Nalbari, India",,,,Nalbari,,India,,,,,,,
Pranjal,,Raam,,,,,,Pranjal Da Raam,,"Bhaona, Thana",Neighbour,,,,,Imported on 09/05 ::: * myContacts,,,,,Mobile,+91 99541 06684,,,Home,"Santipur, Rangachakua, Sonitpur, India",Santipur,Rangachakua,,Sonitpur,,India,,,,,,,
Pranjit,,Baruah,,,,,,,,L&T PG,Owner,,,,,Imported on 09/05 ::: * myContacts,,,,,Mobile,+919435080630,,,Home,"Barua Chuburi, Tezpur, Sonitpur, India",Barua Chuburi,Tezpur,,Sonitpur,,India,,,,,,,
Pranjit,,Doley,,,,,,,,Rajiv Gandhi University (RGU),"Senior, PhD Scholar",,,,,Imported on 09/05 ::: * myContacts,,,,,Mobile,+91 91016 61785,,,Home,"Dhakuakhana, Dhemaji, India",Dhakuakhana,Dhemaji,,,,India,,,,,,,
Prantar,,,,,,,,,,Tyagbir Hem Baruah College (THB),Colleague,,,,,Imported on 09/05 ::: * myContacts,,,,,Mobile,+91 60009 28566,,,Home,"Tupia, Jamugurihat, Sonitpur, India",Tupia,Jamugurihat,,Sonitpur,,India,,,,,,,
Prantik,,Da Collegepar,,,,,,Prantik Da Collegepar,,Madhabdev University (MDU),Dukan,,,,,Imported on 09/05 ::: * myContacts,,,,,Mobile,+919365563106,,,Home,"Narayanpur, Lakhimpur, India",,Narayanpur,,Lakhimpur,,India,,,,,,,
Prapti Priya,,Gogoi,,,,,,,,"Rajiv Gandhi University (RGU), Tyagbir Hem Baruah College (THB)","Junior, Colleague",,,,,Imported on 09/05 ::: * myContacts,,,,,Mobile,+8402830194,,,Home,"Kusumtula, Jamugurihat, Sonitpur, India",Kusumtula,Jamugurihat,,Sonitpur,,India,,,,,,,
Prarthana,,Saikia,,,,,,,,"Tiss Delhi, Iitg, JNU","Sinaki, Literature",,,,,Imported on 09/05 ::: Special ::: * myContacts,,,,,Mobile,88769 39768,,,Home,"Narayanpur, Lakhimpur, India",,Narayanpur,,Lakhimpur,,India,,,,,,,
Prem Narayan,,Goswami,,,,,,,,IB,Sinaki,,,,,Imported on 09/05 ::: * myContacts,,,,,Mobile,+91 93651 08927,,,Home,"Sesa Satra, Jamugurihat, Sonitpur, India",Sesa Satra,Jamugurihat,,Sonitpur,,India,,,,,,,
Prince,,Mzu,,,,,,,,,Research Scholar,,,,,* myContacts,,,,,Mobile,+919365237092,,,,,,,,,,,,,,,,,
Priti,,Maina,,,,,,,,,Relative,,,,,* myContacts,,,,,Mobile,+91 84740 26826,,,Home,"Hatinga, Rangachakua, Sonitpur, India",Hatinga,Rangachakua,,Sonitpur,,India,,,,,,,
Pritu,,,,,,,,,,DAS,"Relative, Brother",,,,,Imported on 09/05 ::: * myContacts,,,,,Mobile,+91 76388 10668,,,Home,"Maniknagar, Tezpur, Sonitpur, India",Maniknagar,Tezpur,,Sonitpur,,India,,,,,,,
Priya,,Baa,,,,,,Priya Baa,,GYM,Gym-Mate,,,Additional phones: +918135081017,,Imported on 09/05 ::: * myContacts,,,,,Mobile,+91 70052 27889,Mobile,+91 91321 36553,Home,"Santipur, Rangachakua, Sonitpur, India",Santipur,Rangachakua,,Sonitpur,,India,,,,,,,
Priyam,,Aasu,,,,,,,,,,,,,,Imported on 09/05 ::: * myContacts,,,,,Mobile,+918011056025,,,Home,"Bamunorbari, Jamugurihat, Sonitpur, India",Bamunorbari,Jamugurihat,,Sonitpur,,India,,,,,,,
Priyam,,Satyam Da Bou,,,,,,Priyam Satyam Da Bou,,,,,,,,Imported on 09/05 ::: * myContacts,,,,,Mobile,+91 80111 31184,,,Home,"Itakhola, Itakhola, Sonitpur, India",Itakhola,Itakhola,,Sonitpur,,India,,,,,,,
Priyanka,Gogoi,Flood,,,,,,,,,,,,,,* myContacts,,,,,Mobile,+918011093299,,,Home,"Dibrugarh, Sivasagar, India",,Dibrugarh,,Sivasagar,,India,,,,,,,
Puja,,Milu,,,,,,,,,Neighbour,,,,,Imported on 09/05 ::: * myContacts,* Home,+91 70868 41403,,,Mobile,+919435853324,Mobile,+919435853324,Home,"Rangachakua, Rangachakua, Sonitpur, India",Rangachakua,Rangachakua,,Sonitpur,,India,,,,,,Photo,https://lh3.googleusercontent.com/contacts/AG6tpzEORsUxaGAiCiusXYVXChijqwVVgcbzyXk3Qqah_1PnANjR8fCU
Punam,,Biswakarma,,,,,,,,GenOne,Member,,,,,* myContacts,,,,,Mobile,+916003554881,,,Home,"Morisuti, Gupsar, Rangachakua, Sonitpur, India","Morisuti, Gupsar",Rangachakua,,Sonitpur,,India,,,,,,,
Punyum,,Patir,,,,,,,,Madhabdev University (MDU),Student,,,,,Imported on 09/05 ::: * myContacts,,,,,Mobile,+918822630756,,,Home,"Lakhimpur, India",,,,Lakhimpur,,India,,,,,,,
Putou,,Da,,,,,,Putoi Da,,,Relative,,,,,* myContacts,,,,,Mobile,+916901008781,,,Home,"Hatinga, Rangachakua, Sonitpur, India",Hatinga,Rangachakua,,Sonitpur,,India,,,,,,,
Putu,,Dada,,,,,,Putu Dada,,,"Relative, Brother",,,,,* myContacts,,,,,Mobile,7086083808,,,Home,"Tezpur, Sonitpur, India",,Tezpur,,Sonitpur,,India,,,,,,,
Putu,,Khuri,,,,,,Putu Khuri,,,,,,,,Imported on 09/05 ::: * myContacts,,,,,Mobile,+919957680402,,,Home,"Rangachakua, Sonitpur, India",,Rangachakua,,Sonitpur,,India,,,,,,,
Rabismita,,,,,,,,,,Tyagbir Hem Baruah College (THB),Student,,,,,Imported on 09/05 ::: * myContacts,,,,,Phone,+91 70029 29633,,,Home,"Madhav, Jamugurihat, Sonitpur, India",Madhav,Jamugurihat,,Sonitpur,,India,,,,,,,
Rafia,,,,,,,,,,Rajiv Gandhi University (RGU),"PhD Scholar, Class-Mate",,,,,Imported on 09/05 ::: * myContacts,,,,,Mobile,+917399968828,,,Home,India,,,,,,India,,,,,,,
Rahul,,Morang,,,,,,,,Madhabdev University (MDU),Student,,,,,Imported on 09/05 ::: * myContacts,,,,,Mobile,+918720991560,,,Home,"Bihpuria, Lakhimpur, India",,Bihpuria,,Lakhimpur,,India,,,,,,,
Raja,,Bajargaon,,,,,,,,,,,,"Additional phones: 970-636-7882, 970-636-7882, 75778 91323",https://lh3.googleusercontent.com/contacts/AG6tpzHMm6g8GVl-Y1ND3jrw_6gvMelJtMJ0S4jfg4U46bGP46HXoLoa,Imported on 09/05 ::: * myContacts,,,,,Mobile,+919706367882,Mobile,+919706367882,Home,"Guwahati, Kamrup Metro, India",,Guwahati,,Kamrup Metro,,India,,,,,,Photo,https://lh3.googleusercontent.com/contacts/AG6tpzHMm6g8GVl-Y1ND3jrw_6gvMelJtMJ0S4jfg4U46bGP46HXoLoa
Raja,,Bazargaon,,,,,,,,,,,,,,Imported on 09/05 ::: * myContacts,,,,,Mobile,+918638138618,Mobile,+918638138618,Home,"Guwahati, Kamrup Metro, India",,Guwahati,,Kamrup Metro,,India,,,,,,,
Raja,,,,,,,,,,"Tyagbir Hem Baruah College (THB), Abvp",Sinaki,,,,,Imported on 09/05 ::: * myContacts,,,,,Work,+91 78967 29041,,,Home,"Nagsankar, Sootea, Biswanath, India",Nagsankar,Sootea,,Biswanath,,India,,,,,,,
Rajashree,,,,,,,,,,Madhabdev University (MDU),"Class-Mate, PhD Scholar",,,,,Imported on 09/05 ::: * myContacts,,,,,Mobile,+919365473860,,,Home,"Bihpuria, Lakhimpur, India",,Bihpuria,,Lakhimpur,,India,,,,,,,
Rajen,,Vindeu,,,,,,Rajen Vindeu,,DAS,"Relative, Vindeu",,,,,Imported on 09/05 ::: * myContacts,,,,,Mobile,+91 863 812 0162,,,Home,"Joyanagar, Guwahati, Kamrup Metro, India",Joyanagar,Guwahati,,Kamrup Metro,,India,,,,,,,
Rajib,,Da Kusuntola,,,,,,Rajib Da Kusuntola New RSS,,RSS,Sinaki,,,,,* myContacts,,,,,Mobile,+917002061124,,,Home,"Kusumtula, Jamugurihat, Sonitpur, India",Kusumtula,Jamugurihat,,Sonitpur,,India,,,,,,,
Rajib,,Morang,,,,,,,,Rajiv Gandhi University (RGU),Batch-Mate,,,,https://lh3.googleusercontent.com/contacts/AG6tpzFFS5Efzz4eyL3OPo3iewCp9oGnOZwk99AUkz91NdmljkscDiRk,Imported on 09/05 ::: * myContacts,* ,morangrajib85@gmail.com,,,Mobile,+91 70023 85281,,,Home,"Narayanpur, Lakhimpur, India",,Narayanpur,,Lakhimpur,,India,,,,,,Photo,https://lh3.googleusercontent.com/contacts/AG6tpzFFS5Efzz4eyL3OPo3iewCp9oGnOZwk99AUkz91NdmljkscDiRk
Rajib,,Sharma,,,,,,,,,,,,,,Imported on 09/05 ::: * myContacts,,,,,Mobile,+919854319237,,,Home,"Rangachakua, Rangachakua, Sonitpur, India",Rangachakua,Rangachakua,,Sonitpur,,India,,,,,,,
Rajiv,,Morang,,,,,,,,,,,,,,Imported on 09/05 ::: * myContacts,,,,,Mobile,+917896852928,Work,+91 70023 85281,,,,,,,,,,,,,,,
Rajlakshmi,,Basumatari,,,,,,,,Tyagbir Hem Baruah College (THB),"Professor, Teacher, Colleague",,,,,Imported on 09/05 ::: * myContacts,,,,,Mobile,+918811945478,Mobile,70020 57525,Home,"Tezpur, Sonitpur, India",,Tezpur,,Sonitpur,,India,,,,,,,
Raju,,Neopane,,,,,,,,,,,,,,Imported on 09/05 ::: * myContacts,,,,,Mobile,88763 94464,Mobile,+91 81339 73363,Home,India,,,,,,India,,,,,,,
Raju,Da,Bagan,,,,,,Raju Da Bagan,,,,,,,,Imported on 09/05 ::: * myContacts,,,,,Mobile,9101096470,,,Home,"Ouhola, Rangachakua, Sonitpur, India",Ouhola,Rangachakua,,Sonitpur,,India,,,,,,,
Raju,,Newar,,,,,,,,SBI Rangachakua,Cashier,,,,,Imported on 09/05 ::: * myContacts,,,,,Mobile,+91 86380 26466,,,Home,"Rangachakua, Rangachakua, Sonitpur, India",Rangachakua,Rangachakua,,Sonitpur,,India,,,,,,,
Rakesh,,Das,,,,,,,,Darrang College (DGCD),,,,,,* myContacts,,,,,Mobile,+919101029966,,,,,,,,,,,,,,,,,
Raktim Ranjan,,Saikia,,,,,,,,Jagannath Barooah College (JB College),"Professor, Sinaki",,,,,Imported on 09/05 ::: * myContacts,,,,,Mobile,98593 44717,,,Home,"Jorhat, Jorhat, India",,Jorhat,,Jorhat,,India,,,,,,,
Raktim,,Star Health Insurance,,,,,,,,Star Health Insurance,Coordinator,,,,,* myContacts,,,,,Mobile,+919706620089,,,Home,"Tezpur, Sonitpur, India",,Tezpur,,Sonitpur,,India,,,,,,,
Ranjan,,27,,,,,,,,,,,,Location Map: https://maps.app.goo.gl/U1Ssnt4zTe3A1E1q6,,Imported on 09/05 ::: * myContacts,,,,,,+917002560576,,,Home,,,,,,,,,,,,,,
Ranjan,Da,Bow,,,,,,Ranjan Da Bow,,,,,,,,Imported on 09/05 ::: * myContacts,,,,,Mobile,7086677556,,,,,,,,,,,,,,,,,
Ranjan,,Kalita,,,,Dr.,,,,Rangapara College,Principal,,,,,Imported on 09/05 ::: * myContacts,,,,,Mobile,+91 70023 55539,,,Home,"2 No. Batamari, Rangachakua, Sonitpur, India",2 No. Batamari,Rangachakua,,Sonitpur,,India,,,,,,,
Ranjana,,Saikia,,,,,,,,Kabiranjan Sister,,,,,,Imported on 09/05 ::: * myContacts,,,,,Mobile,+919435360328,,,Home,"Difu, Diphu, Nagaon, Karbi Anglong, India",Difu,Diphu,,"Nagaon, Karbi Anglong",,India,,,,,,,
Ranjit,,Das,,,,,,,,SDC Office,,,,,,Imported on 09/05 ::: * myContacts,,,,,Mobile,94352 74927,,,,,,,,,,,,,,,,,
Ranu,,Pehi,,,,,,Ranu Pehi,,,Relative,,,,,Imported on 09/05 ::: * myContacts,,,,,Mobile,+91 70998 15649,,,Home,"Kusumtula, Jamugurihat, Sonitpur, India",Kusumtula,Jamugurihat,,Sonitpur,,India,,,,,,,
Rashmi,,Pegu,,,,,,,,Madhabdev University (MDU),Student,,,,,Imported on 09/05 ::: * myContacts,,,,,Mobile,+918822629563,,,Home,"Lakhimpur, India",,,,Lakhimpur,,India,,,,,,,
Rashmi,,Upadhyay,,,,,,,,RHSS,Class-Mate,,,,,* myContacts,,,,,Mobile,+917002497495,,,Home,"Nagaon, India",,,,Nagaon,,India,,,,,,,
Rasmi Rekha,,Bordoloi,,,,,,,,SFI,"Neighbour, Sinaki",,,,,Imported on 09/05 ::: * myContacts,,,,,Mobile,+91 98596 81764,,,Home,"Barpeta, Barpeta, India",,Barpeta,,Barpeta,,India,,,,,,,
Rasna,,Mam,,,,,,Rasna Mam,,Tyagbir Hem Baruah College (THB),"Teacher, Professor",,,,,Imported on 09/05 ::: Sir ::: * myContacts,,,,,Mobile,+91 98544 92326,,,Home,"Jamugurihat, Sonitpur, India",,Jamugurihat,,Sonitpur,,India,,,,,,,
Riki,,,,,,,,,,,Rangachakua,,,,,* myContacts,,,,,Mobile,+918638785573,,,Home,"Rangachakua, Rangachakua, Sonitpur, India",Rangachakua,Rangachakua,,Sonitpur,,India,,,,,,,
Rimjhim,,Hazarika,,,,,,,,Tyagbir Hem Baruah College (THB),Student,,,,,Imported on 09/05 ::: * myContacts,,,,,Mobile,92849 28052,,,Home,"Moronakuri, Jamugurihat, Sonitpur, India",Moronakuri,Jamugurihat,,Sonitpur,,India,,,,,,,
Ripunjay,,Gogoi,,,,,,,,Facebook,"Sinaki, Writer, Literature",,,,,Imported on 09/05 ::: * myContacts,,,,,Mobile,+919854846272,Mobile,+916000412524,Home,"Sivasagar, Sivasagar, India",,Sivasagar,,Sivasagar,,India,,,,,,,
Rishi,,Da Darrang,,,,,,Rishi Da Darrang,,"The Bairagi Rishi, Darrang College (DGCD)",Senior,,,,,Imported on 09/05 ::: * myContacts,,,,,Mobile,+919387234101,Mobile,91014 59200,Home,"Rowta, Udalguri, India",,Rowta,,Udalguri,,India,,,,,,,
Rishma,,,,,,,,,,Tyagbir Hem Baruah College (THB),Colleague,,,,,Imported on 09/05 ::: * myContacts,,,,,Mobile,+91 60003 51136,,,Home,"Kusumtula, Jamugurihat, Sonitpur, India",Kusumtula,Jamugurihat,,Sonitpur,,India,,,,,,,
Rismita,Bezbaruah,🐄,,,,,,,,Tyagbir Hem Baruah College (THB),Student,,,,,Imported on 09/05 ::: * myContacts,,,,,Mobile,+91 91013 72868,,,Home,"Madhav, Jamugurihat, Sonitpur, India",Madhav,Jamugurihat,,Sonitpur,,India,,,,,,Photo,https://lh3.googleusercontent.com/contacts/AG6tpzEOFxb0Jkh5yVMj__2xumklZL9s085gW9MJupW9FWK2Umyf3dBG
Rohan,,,,,,,,,,Taoi,Relative,,,,,* myContacts,,,,,Mobile,+919085448995,,,Home,"Tezpur, Sonitpur, India",,Tezpur,,Sonitpur,,India,,,,,,,
Rohan,,Upadhyaya,,,,,,,,GenOne,Member,,,,,* myContacts,,,,,Mobile,+916002931650,,,Home,"Morisuti, Rangachakua, Sonitpur, India",Morisuti,Rangachakua,,Sonitpur,,India,,,,,,,
Rohit,,Biswakarma,,,,,,,,Rajiv Gandhi University (RGU),Class-Mate,,,Additional phones: +91 60020 19939,,Imported on 09/05 ::: * myContacts,* ,biswakarmarohit30@gmail.com,,,Mobile,+91 60020 19939,Mobile,+91 84865 16850,Home,"Tupia, Jamugurihat, Sonitpur, India",Tupia,Jamugurihat,,Sonitpur,,India,,,,,,,
Rohit,,Dada,,,,,,Rohit Dada,,Rohit,Sinaki,,,,,Imported on 09/05 ::: * myContacts,,,,,Mobile,+91 91018 09113,,,Home,"Tupia, Jamugurihat, Sonitpur, India",Tupia,Jamugurihat,,Sonitpur,,India,,,,,,,
Roshni Thapa,,,,,,,,,,Panchayat,Member,,,,,* myContacts,,,,,Mobile,+916003127275,,,Home,"Bamunipam, Rangachakua, Sonitpur, India",Bamunipam,Rangachakua,,Sonitpur,,India,,,,,,,
Rubul,,Mout,,,,,,,,Harvard,"Professor, Scientist",,,,,Imported on 09/05 ::: Special ::: * myContacts,* ,rubulharvard@gmail.com,,,Mobile,+1 413-328-9646,,,Home,"Tinsukia, Tinsukia, United States",,Tinsukia,,Tinsukia,,United States,,,,,,,
Rudraksha,,Tattooz,,,,,,,,,,,,,https://lh3.googleusercontent.com/contacts/AG6tpzFBn9tG_50KEqwZdIefdtKFj1wKWqzv0ZlkLGqe6ctpqt3W5nzO,Imported on 09/05 ::: * myContacts,,,,,Mobile,+91 93623 55247,,,Home,India,,,,,,India,,,,,,Photo,https://lh3.googleusercontent.com/contacts/AG6tpzFBn9tG_50KEqwZdIefdtKFj1wKWqzv0ZlkLGqe6ctpqt3W5nzO
Ruksana,Sultana,Ahmed,,,,,,,,"Darrang College (DGCD), Rangapara College",Class-Mate,,,,,Imported on 09/05 ::: * myContacts,,,,,Mobile,+91 86389 02120,,,Home,"Jamugurihat, Sonitpur, India",,Jamugurihat,,Sonitpur,,India,,,,,,,
Rupa,,Kalita,,,,,,,,Tyagbir Hem Baruah College (THB),"Teacher, Professor",,,,,Imported on 09/05 ::: * myContacts,,,,,Mobile,+91 86389 36103,Mobile,+91 98543 20301,Home,India,,,,,,India,,,,,,,
Rupak Pharmacy,,Loratu,,,,,,,,,,,,,,Imported on 09/05 ::: * myContacts,,,,,Mobile,+91 91015 59264,,,Home,"Jamugurihat, Rangachakua, Sonitpur, India",,"Jamugurihat, Rangachakua",,Sonitpur,,India,,,,,,,
Rupali,,,,,,,,,,Ifas,,,,,,Imported on 09/05 ::: * myContacts,,,,,Mobile,+8828073571,,,Home,"Pune, Mumbai, Maharashtra, India",Pune,Mumbai,,Maharashtra,,India,,,,,,,
Rupali,,Kadam,,,,,,,,,,,,,,Imported on 09/05 ::: * myContacts,,,,,Mobile,+91 88280 73571,,,Home,India,,,,,,India,,,,,,,
Rupam,,Kalita,,,,,,,,,,,,,,Imported on 09/05 ::: * myContacts,,,,,Mobile,+91 78960 35769,,,Home,"Rangachakua, Rangachakua, Sonitpur, India",Rangachakua,Rangachakua,,Sonitpur,,India,,,,,,,
Rupam Jyoti,,Nath,,,,,,,,Darrang College (DGCD),Junior,,,,,Imported on 09/05 ::: * myContacts,,,,,Mobile,+86 382 2279 5,Mobile,+91 86382 22795,Home,"Bamunorbari, Jamugurihat, Sonitpur, India",Bamunorbari,Jamugurihat,,Sonitpur,,India,,,,,,,
Rupjyoti,,Amarakusa,,,,,,,,RHSS,Class-Mate,,,,,Imported on 09/05 ::: * myContacts,,,,,Mobile,73996 52635,,,Home,"Nagsankar, Sootea, Sonitpur, India",Nagsankar,Sootea,,Sonitpur,,India,,,,,,,
Ruplekha,,Konwar,,,,,,,,"Rajiv Gandhi University (RGU), Madhabdev University (MDU)",Batch-Mate,,,,,Imported on 09/05 ::: * myContacts,,,,,Home,+91 83999 04521,Home,+91 88229 78536,Home,"Margherita, Tinsukia, India",,Margherita,,Tinsukia,,India,,,,,,,
Sahil,,Zaman Sheikh,,,,,,,,,,,,,,Imported on 09/05 ::: * myContacts,,,,,Mobile,93654 76264,Mobile,+91 87539 70790,,,,,,,,,,,,,,,
Salik,,Sir,,,,,,Salik Sir,,,,,,,,Imported on 09/05 ::: * myContacts,,,,,Mobile,+918822326634,,,,,,,,,,,,,,,,,
Samadrita,,Goswami,,,,,,,,Gyantirtha Online School,,,,,,Imported on 09/05 ::: Female ::: * myContacts,,,,,Mobile,+917086028254,,,,,,,,,,,,,,,,,
Samrat,,Kar,,,,,,,,Tyagbir Hem Baruah College (THB),Student,,,,,Imported on 09/05 ::: * myContacts,,,,,Mobile,+91 70994 27055,,,Home,"Tezpur, Sonitpur, India",,Tezpur,,Sonitpur,,India,,,,,,,
Samuel,,Senapati,,,,,,,,,,,,,,* myContacts,,,,,Mobile,+919707419789,,,,,,,,,,,,,,,,,
Samujjal,,Bhattacharya,,,,,,,,AASU,,,,,,Imported on 09/05 ::: * myContacts,,,,,Mobile,94350 13306,,,Home,"Guwahati, Kamrup Metro, India",,Guwahati,,Kamrup Metro,,India,,,,,,,
Sandipa,,Sen,,,,,,,,Tyagbir Hem Baruah College (THB),Student,,,,,* myContacts,,,,,Mobile,+919854236331,,,Home,"Itakhola, Itakhola, Sonitpur, India",Itakhola,Itakhola,,Sonitpur,,India,,,,,,,
Sangeeta,,Gogoi,,,,,,,,Madhabdev University (MDU),"Class-Mate, Senior",,,,,Imported on 09/05 ::: * myContacts,,,,,Mobile,+919101984234,,,Home,"Lakhimpur, Lakhimpur, India",,Lakhimpur,,Lakhimpur,,India,,,,,,,
Sangita,,Mam,,,,,,Sangita Mam,,"Darrang College (DGCD), Tezpur University (TU)",Teacher,,,,,Imported on 09/05 ::: Sir ::: * myContacts,,,,,Mobile,94351 80840,,,Home,"Tezpur, Sonitpur, India",,Tezpur,,Sonitpur,,India,,,,,,,
Sanjay,,UK,,,,,,,,,,,,,,Imported on 09/05 ::: * myContacts,,,,,Mobile,+44 7760 513078,,,Home,United Kingdom,,,,,,United Kingdom,,,,,,,
Sanjeev,,BHU,,,,,,,,,,,,,,* myContacts,,,,,Mobile,+917054121390,,,,,,,,,,,,,,,,,
Sanjib,Pal,Deka,,,,,,,,Tezpur University (TU),"Sinaki, Professor",,,,,Imported on 09/05 ::: * myContacts,,,,,Mobile,+91 81350 45113,,,Home,India,,,,,,India,,,,,,,
Sanjib,,Sharmah,,,,,,,,,,,,,,Imported on 09/05 ::: * myContacts,,,,,Mobile,+919854567365,,,Home,"Rangachakua, Rangachakua, Sonitpur, India",Rangachakua,Rangachakua,,Sonitpur,,India,,,,,,,
Sanju,,Hostel,,,,,,,,Madhabdev University (MDU),Student,Zoology,,,,Imported on 09/05 ::: * myContacts,,,,,Mobile,+919365615051,,,Home,"Gogamukh, Dhemaji, Sonitpur, India",Gogamukh,Dhemaji,,Sonitpur,,India,,,,,,,
Sannya,,Pathak,,,,,,,,"Pithaguri, Flood, Facebook",Sinaki,,,,,* myContacts,,,,,Mobile,+916003455767,,,Home,"Golaghat, Golaghat, India",,Golaghat,,Golaghat,,India,,,,,,,
Santanu,,Kusumtola,,,,,,,,DAS,"Relative, Brother",,,,,Imported on 09/05 ::: * myContacts,,,,,Mobile,70029 33776,,,Home,"Kusumtula, Jamugurihat, Sonitpur, India",Kusumtula,Jamugurihat,,Sonitpur,,India,,,,,,,
Santanu,,Mahanta,,,,,,,,AASU,,,,,,Imported on 09/05 ::: * myContacts,,,,,Mobile,+91 91019 42948,,,Home,"Tezpur, Sonitpur, India",,Tezpur,,Sonitpur,,India,,,,,,,
Sanu,,Gharar,,,,,,,,Charipukhuri LP School,Class-Mate,,,,,* myContacts,,,,,Mobile,97076 48387,,,Home,"1 No. Batamari, Rangachakua, Sonitpur, India",1 No. Batamari,Rangachakua,,Sonitpur,,India,,,,,,,
Sarat,Hazarika,Hod,,,,,,,,Madhabdev University (MDU),"Professor, HOD",,,,,Imported on 09/05 ::: * myContacts,,,,,Mobile,+916901567458,,,Home,"Narayanpur, Lakhimpur, India",,Narayanpur,,Lakhimpur,,India,,,,,,,
Sarumaina,,,,,,,,,,,Relative,,,,,Imported on 09/05 ::: * myContacts,,,,,Mobile,9401838538,,,Home,"Hatinga, Rangachakua, Sonitpur, India",Hatinga,Rangachakua,,Sonitpur,,India,,,,,,,
Saurav,,Barkakati,,,,,,,,Sarpa Manav,,,,,,Imported on 09/05 ::: * myContacts,,,,,Mobile,70020 96621,,,,,,,,,,,,,,,,,
Saurav,,Uprety,,,,,,,,"Darrang College (DGCD), Goreswar College","Junior, Professor",,,,,Imported on 09/05 ::: * myContacts,,,,,Mobile,70025 52931,,,Home,"Goreswar, Udalguri, India",,Goreswar,,Udalguri,,India,,,,,,,
Sermelin,,,,,,,,,,Darrang College (DGCD),Class-Mate,,,,,Imported on 09/05 ::: * myContacts,,,,,Home,+91 87539 04448,Mobile,+91 97074 44737,Home,"Karbi Anglong, India",,,,Karbi Anglong,,India,,,,,,,
Sharma,Da,Xerox,,,,,,Sharma Da MDU xerox,,Madhabdev University (MDU),Xerox,,,,,Imported on 09/05 ::: * myContacts,,,,,Mobile,+919859882399,,,Home,"Narayanpur, Lakhimpur, India",,Narayanpur,,Lakhimpur,,India,,,,,,,
Shashi,,USA,,,,,,,,,,,,,,Imported on 09/05 ::: * myContacts,,,,,Mobile,+16082363646,,,,,,,,,,,,,,,,,
Shibu,,Da,,,,,,Shibu Da,,,Neighbour,,,,,Imported on 09/05 ::: * myContacts,,,,,Mobile,+91 86385 60878,,,Home,"Rangachakua, Rangachakua, Sonitpur, India",Rangachakua,Rangachakua,,Sonitpur,,India,,,,,,,
Shilpi Shikha,,Chetia,,,,,,,,Rajiv Gandhi University (RGU),Senior,,,,,Imported on 09/05 ::: * myContacts,,,,,Mobile,+91 84029 30214,,,Home,"Narayanpur, Lakhimpur, India",,Narayanpur,,Lakhimpur,,India,,,,,,,
Shivangee Hazarika,,,,,,,,,,Tyagbir Hem Baruah College (THB),Class-Mate,,,,,Imported on 09/05 ::: * myContacts,,,,,Mobile,+918486249893,,,Home,"Moronakuri, Jamugurihat, Sonitpur, India",Moronakuri,Jamugurihat,,Sonitpur,,India,,,,,,,
Shivani,,Devi Rajiv,,,,,,,,Tyagbir Hem Baruah College (THB),Student,,,,,Imported on 09/05 ::: * myContacts,,,,,Mobile,+918723093428,,,Home,"Kusumtula, Jamugurihat, Sonitpur, India",Kusumtula,Jamugurihat,,Sonitpur,,India,,,,,,,
Shrinath,,Bhagat,,,,,,,,Ifas,Hostel-Mate,,,,,Imported on 09/05 ::: * myContacts,,,,,Mobile,93735 00966,Mobile,+91 72490 06710,Home,"Pune, Maharashtra, India",,Pune,,Maharashtra,,India,,,,,,,
Simanta Thapa,,Darrang,,,,,,,,Darrang College (DGCD),Junior,,,,,Imported on 09/05 ::: * myContacts,,,,,Work,+91 73998 81667,Mobile,+91 86382 30624,Home,"Sootea, Sootea, Biswanath, India",Sootea,Sootea,,Biswanath,,India,,,,,,,
Sishir,,Kalita,,,,,,,,Xobdo.org,,,,,,Imported on 09/05 ::: * myContacts,,,,,Phone,+91 94353 79331,,,Home,"Dibrugarh, Dibrugarh, India",,Dibrugarh,,Dibrugarh,,India,,,,,,,
Snehankar,,Chakravarti,,,,,,,,"SFI, Dyfi",,,,,https://lh3.googleusercontent.com/contacts/AG6tpzEZ2TPQBFh1r1lzLnCobvvglhYA-K_SQPSHVHEUo_jO6pduuDxE,Imported on 09/05 ::: * myContacts,,,,,Other,+91 87240 24071,Mobile,+91 97066 13486,Home,"Biswanath, Biswanath, India",,Biswanath,,Biswanath,,India,,,,,,Photo,https://lh3.googleusercontent.com/contacts/AG6tpzEZ2TPQBFh1r1lzLnCobvvglhYA-K_SQPSHVHEUo_jO6pduuDxE
Sonali,,Dev,,,,,,,,RHSS,Class-Mate,,,,,* myContacts,,,,,Mobile,+919707769321,,,Home,"Randupam, Rangachakua, Sonitpur, India",Randupam,Rangachakua,,Sonitpur,,India,,,,,,,
Sonali,,Xondikoi,,,,,,,,,,,,,,Imported on 09/05 ::: * myContacts,,,,,Mobile,+916003212449,,,Home,"Panigaon, Jamugurihat, Sonitpur, India",Panigaon,Jamugurihat,,Sonitpur,,India,,,,,,,
Stelin,,Sir,,,,,,Stelin Sir RGU,,Rajiv Gandhi University (RGU),"Teacher, Professor",,,,,Imported on 09/05 ::: * myContacts,,,,,Mobile,+918132896304,,,Home,"Manipur, India",,,,Manipur,,India,,,,,,,
Stephen,,Dobium,,,,,,,,Rajiv Gandhi University (RGU),"Class-Mate, PhD Scholar",,,,,Imported on 09/05 ::: * myContacts,,,,,Mobile,+91 70857 74599,,,Home,"Arunachal Pradesh, India",,,,Arunachal Pradesh,,India,,,,,,,
Subrata,,Baruah,,,,,,,,"Art, Facebook",Sinaki,,,,,Imported on 09/05 ::: * myContacts,,,,,Mobile,+918638758305,,,Home,"Jorhat, Jorhat, India",,Jorhat,,Jorhat,,India,,,,,,,
Subrata,,Sumpi,,,,,,,,Darrang College (DGCD),Batch-Mate,,,,,Imported on 09/05 ::: * myContacts,,,,,Mobile,+91 91010 17769,,,Home,"Rowta, Udalguri, India",,Rowta,,Udalguri,,India,,,,,,,
Suman,,,,,,,,,,,,,,,,Imported on 09/05 ::: * myContacts,,,,,Mobile,+919678933590,,,,,,,,,,,,,,,,,
Suman,,Koirala,,,,,,,,Indian Institute Of Technology Guwahati (IITG),,,,,,Imported on 09/05 ::: * myContacts,,,,,Mobile,+91 70023 44707,,,Home,"Guwahati, Assam, India",,Guwahati,,Assam,,India,,,,,,,
Sumit,,Dev,,,,,,,,RHSS,Class-Mate,,,,,Imported on 09/05 ::: * myContacts,,,,,Mobile,+91 91132 49241,,,Home,"Itakhola, Sonitpur, India",,Itakhola,,Sonitpur,,India,,,,,,,
Sumit,,Sir,,,,,,Sumit Sir,,,,,,,,Imported on 09/05 ::: * myContacts,,,,,Mobile,+91 69010 41005,Mobile,+91 91013 53596,Home,India,,,,,,India,,,,,,,
Sumit Sir,,Father,,,,,,Sumit Sir Father,,,,,,,,Imported on 09/05 ::: * myContacts,,,,,Mobile,+919435382071,,,Home,India,,,,,,India,,,,,,,
Sumpimoni,,Das,,,,,,,,,,,,,,Imported on 09/05 ::: * family ::: * myContacts ::: * starred,* ,sumpidas62@gmail.com,,,Mobile,+917086468519,,,,,,,,,,,,,,,,,
Sumu,,Bhirgaon,,,,,,,,,Relative,,,,,Imported on 09/05 ::: * myContacts,,,,,Mobile,+91 86381 58228,,,Home,"Bhir Gaon, Biswanath, Biswanath, India",Bhir Gaon,Biswanath,,Biswanath,,India,,,,,,,
Suprakash,,Dey,,,,,,,,,,,,,,Imported on 09/05 ::: * myContacts,* ,suprakashdey40@gmail.com,,,,,,,,,,,,,,,,,,,,,
Suprakash Dey,,,,,,,,,,"Suprakash Dey, Tyagbir Hem Baruah College (THB)",Colleague,,,,,Imported on 09/05 ::: * myContacts,,,,,Mobile,+91 99571 87131,,,Home,"Tupia, Jamugurihat, Sonitpur, India",Tupia,Jamugurihat,,Sonitpur,,India,,,,,,,
Suraj,,Chetry,,,,,,,,Gupsar,,,,,,* myContacts,,,,,Mobile,9864763247,,,Home,"Gupsar, Assam, India",,Gupsar,,Assam,,India,,,,,,,
Sutu Da,,Bou,,,,,,Sutu Da Bou,,,,,,,,Imported on 09/05 ::: * myContacts,,,,,Mobile,88760 42662,,,,,,,,,,,,,,,,,
Sutu,,Daa,,,,,,Sutu Daa Jio,,,Relative,,,,,Imported on 09/05 ::: * myContacts,,,,,Mobile,+919854678248,Mobile,+91 70028 17196,Home,"Kusumtula, Jamugurihat, Sonitpur, India",Kusumtula,Jamugurihat,,Sonitpur,,India,,,,,,,
Suvrajit,,Saikia,,,,,,,,Tyagbir Hem Baruah College (THB),Class-Mate,,,,,Imported on 09/05 ::: * myContacts,,,,,Mobile,+91 70869 36291,,,Home,"Jamugurihat, Sonitpur, India",,Jamugurihat,,Sonitpur,,India,,,,,,,
Sweety,,,,,,,,,,,"Neighbour, Relative",,,,,Imported on 09/05 ::: * myContacts,,,,,Mobile,+91 60035 67283,Mobile,+91 6900 054 539,Home,"2 No. Batamari, Rangachakua, Sonitpur, India",2 No. Batamari,Rangachakua,,Sonitpur,,India,,,,,,,
Tanu,,Sis,,,,,,,,GenOne,Member,,,,,* myContacts,,,,,Mobile,+916361394829,,,Home,"Charipukhuri, Rangachakua, Sonitpur, India",Charipukhuri,Rangachakua,,Sonitpur,,India,,,,,,,
Tapan,Da,,,,,,,Tapan Da,,Taoi,Relative,,,,,Imported on 09/05 ::: * myContacts,,,,,Mobile,8402030249,Mobile,+919365093238,Home,"Tezpur, Sonitpur, India",,Tezpur,,Sonitpur,,India,,,,,,Photo,https://lh3.googleusercontent.com/contacts/AG6tpzFgAFfGhYGTRgLUyH5XBUrcP-_4Tcm0hI8I-nYdjpxQ-9OKN6DE
Tez,,Newar,,,,,,,,Mount Sinai,Owner,,,,,* myContacts,,,,,Mobile,+918638109667,,,Home,"2 No. Batamari, Rangachakua, Sonitpur, India",2 No. Batamari,Rangachakua,,Sonitpur,,India,,,,,,,
Thengtong,,Bey,,,,,,,,Tyagbir Hem Baruah College (THB),"Professor, Colleague",,,,,Imported on 09/05 ::: * myContacts,,,,,Mobile,+918471948907,,,Home,"Karbi Anglong, India",,,,Karbi Anglong,,India,,,,,,,
Tipai,,Borta,,,,,,Tipai Borta,,,Relative,,,,,Imported on 09/05 ::: * myContacts,,,,,Mobile,+91 94012 98785,Mobile,+91 60013 18678,Home,"Rangachakua, Rangachakua, Sonitpur, India",Rangachakua,Rangachakua,,Sonitpur,,India,,,,,,,
Trisha,,Das,,,,,,,,,Relative,,,,,* myContacts,,,,,Mobile,+919707724085,,,Home,"Nandikeswar, Jamugurihat, Sonitpur, India",Nandikeswar,Jamugurihat,,Sonitpur,,India,,,,,,,
Ray,,Sir,,,,,,TU Ray Sir,,Tezpur University (TU),Professor,,,,,Imported on 09/05 ::: * myContacts,,,,,Mobile,+91 99544 72151,,,Home,"Tezpur, Odisha, India",,Tezpur,,Odisha,,India,,,,,,,
Tuhin,Bordoloi Narayanpur,Restaurant,,,,,,,,Madhabdev University (MDU),"Student, Friend",,,,,Imported on 09/05 ::: * myContacts,,,,,Mobile,+919678155844,,,Home,"Bhugpur, Narayanpur, Lakhimpur, India",Bhugpur,Narayanpur,,Lakhimpur,,India,,,,,,,
Tulshi,,Upadhyay,,,,,,,,Tyagbir Hem Baruah College (THB),"Teacher, Professor",,,,,Imported on 09/05 ::: * myContacts,,,,,Mobile,+91 88766 35028,,,Home,"Jamugurihat, Sonitpur, India",,Jamugurihat,,Sonitpur,,India,,,,,,,
Tun,,Gupal,,,,,,,,,,,,,,* myContacts,,,,,Mobile,9957161438,,,Home,"Rangachakua, Rangachakua, Sonitpur, India",Rangachakua,Rangachakua,,Sonitpur,,India,,,,,,,
Tun,,Tun,,,,,,,,,,,,,,* myContacts,,,,,Mobile,+916900054546,,,Home,"Rangachakua, Rangachakua, Sonitpur, India",Rangachakua,Rangachakua,,Sonitpur,,India,,,,,,,
Tutu Da,,Nagsankar,,,,,,Tutu Da Nagsankar,,,Relative,,,,,Imported on 09/05 ::: * myContacts,,,,,Mobile,+919365426994,,,Home,"Nagsankar, Sootea, Biswanath, India",Nagsankar,Sootea,,Biswanath,,India,,,,,,,
Uddipan,,Wallmate,,,,,,,,Madhabdev University (MDU),Wallmate,,,,,Imported on 09/05 ::: * myContacts,,,,,Mobile,+919395680734,,,Home,"Lakhimpur, India",,,,Lakhimpur,,India,,,,,,,
Udipta,,Talukdar,,,,,,,,Facebook,Sinaki,,,,,Imported on 09/05 ::: * myContacts,,,,,Mobile,+91 76360 10661,,,Home,"Guwahati, Kamrup Metro, India",,Guwahati,,Kamrup Metro,,India,,,,,,,
Ujjal Dutta,,Nerist,,,,,,,,,,,,,,Imported on 09/05 ::: * myContacts,,,,,Mobile,+91 60009 66248,,,Home,India,,,,,,India,,,,,,,
Upasana,,Bhuyan Munu Ba,,,,,,Upasana Bhuyan Munu Ba,,,Neighbour,,,,,Imported on 09/05 ::: * myContacts,,,,,Mobile,+91 99571 84513,,,Home,"Tezpur, Sonitpur, India",,Tezpur,,Sonitpur,,India,,,,,,,
Utpal,,Da,,,,,,Utpal Da,,Rajiv Gandhi University (RGU),"Senior, PhD Scholar",,,,,Imported on 09/05 ::: * myContacts,,,,,Mobile,+91 81359 16610,,,Home,India,,,,,,India,,,,,,,
Utpal,,Sonowal,,,,,,,,"Flood, Ongc",,,,,,* myContacts,,,,,Mobile,9531106225,,,Home,"Sivasagar, Sivasagar, India",,Sivasagar,,Sivasagar,,India,,,,,,,
Utpola,,SFI,,,,,,,,,,,,,,* myContacts,,,,,Mobile,+918402819403,,,Home,India,,,,,,India,,,,,,,
Welocity,,Genetics,,,,,,,,Welocity Genetics,,,,,,* myContacts,,,,,Mobile,+919082374527,,,,,,,,,,,,,,,,,
Welocity,,Support,,,,,,,,Welocity Support,,,,,,* myContacts,,,,,Mobile,+919137332130,,,,,,,,,,,,,,,,,
Xerox 2,,Marisuti,,,,,,,,,,,,,,Imported on 09/05 ::: * myContacts,,,,,Mobile,86387 71243,,,Home,India,,,,,,India,,,,,,,
Xun,,Da/ Krishna,,,,,,Xun Da/ Krishna,,,,,,Additional phones: +91 91012 56758,,Imported on 09/05 ::: * myContacts,,,,,Mobile,+919577915344,Mobile,+919577915344,Home,"Rangachakua, Rangachakua, Sonitpur, India",Rangachakua,Rangachakua,,Sonitpur,,India,,,,,,,
Yadav,,Sarma,,,,,,,,Scientist,,,,,,Imported on 09/05 ::: * myContacts,,,,,Work,+91 81976 51653,,,Home,"Rangachakua, Sonitpur, India",,Rangachakua,,Sonitpur,,India,,,,,,,
Yadav Sarma,,Sarma,,,,,,,,,,,,,,Imported on 09/05 ::: * myContacts,,,,,Work,+91 81976 51653,,,,,,,,,,,,,,,,,
Zunak Jugantor Borah,,Store,,,,,,,,Yukti,Owner,,,,,Imported on 09/05 ::: * myContacts,,,,,Mobile,+918486822944,,,Home,India,,,,,,India,,,,,,,
ছাঁয়া,,,,,,,,,,Madhabdev University (MDU),Student,,,,,Imported on 09/05 ::: * myContacts,,,,,Mobile,+919613451939,,,Home,India,,,,,,India,,,,,,,
বিজয়,,অসম,,,,,,,,Axomiya Xomaj,,,,,https://lh3.googleusercontent.com/contacts/AG6tpzECW2TJ4EWAw9NmWU6rDY7P_aHjkj8KBIin7Bi-dEGz8L2gUvBl,Imported on 09/05 ::: * myContacts,,,,,Other,+91 69003 39832,,,,,,,,,,,,,,,,Photo,https://lh3.googleusercontent.com/contacts/AG6tpzECW2TJ4EWAw9NmWU6rDY7P_aHjkj8KBIin7Bi-dEGz8L2gUvBl
Manash,,Kalita,,,,,,,,Rajiv Gandhi University (RGU),"Senior, Mathematics",Mathematics,,,,* myContacts,,,,,Mobile,+918822311030,,,Home,"Kamalabari, Majuli, Majuli, India",Kamalabari,Majuli,,Majuli,,India,,,,,,,
